Directory,FileName,DateTimeOriginal,ImageWidth,ImageHeight
C:/Users/Kong/OneDrive - Imperial College London/Project/Deployments/S01/Deployments,IMG_1270.JPG,2022:04:22 13:11:36,2688,1512
C:/Users/Kong/OneDrive - Imperial College London/Project/Deployments/S01/Deployments,IMG_1276.JPG,2022:04:22 13:11:43,2688,1512
C:/Users/Kong/OneDrive - Imperial College London/Project/Deployments/S01/Deployments,IMG_1279.JPG,2022:04:22 13:11:50,2688,1512
C:/Users/Kong/OneDrive - Imperial College London/Project/Deployments/S01/Deployments,IMG_1296.JPG,2022:04:22 13:12:25,2688,1512
C:/Users/Kong/OneDrive - Imperial College London/Project/Deployments/S01/Deployments,IMG_1301.JPG,2022:04:22 13:12:31,2688,1512
C:/Users/Kong/OneDrive - Imperial College London/Project/Deployments/S01/Deployments,IMG_1315.JPG,2022:04:22 13:13:03,2688,1512
C:/Users/Kong/OneDrive - Imperial College London/Project/Deployments/S01/Deployments,IMG_1330.JPG,2022:04:22 13:13:26,2688,1512
C:/Users/Kong/OneDrive - Imperial College London/Project/Deployments/S01/Deployments,IMG_1339.JPG,2022:04:22 13:13:51,2688,1512
C:/Users/Kong/OneDrive - Imperial College London/Project/Deployments/S01/Deployments,IMG_7076.JPG,2022:04:27 01:30:33,2688,1512
C:/Users/Kong/OneDrive - Imperial College London/Project/Deployments/S01/Deployments,IMG_7078.JPG,2022:04:27 01:30:54,2688,1512
C:/Users/Kong/OneDrive - Imperial College London/Project/Deployments/S01/Deployments,IMG_7090.JPG,2022:04:27 01:32:06,2688,1512
C:/Users/Kong/OneDrive - Imperial College London/Project/Deployments/S01/Deployments,IMG_7091.JPG,2022:04:27 01:32:08,2688,1512
C:/Users/Kong/OneDrive - Imperial College London/Project/Deployments/S02,IMG_0355.JPG,2022:04:22 12:24:46,2688,1512
C:/Users/Kong/OneDrive - Imperial College London/Project/Deployments/S02,IMG_0359.JPG,2022:04:22 12:24:51,2688,1512
C:/Users/Kong/OneDrive - Imperial College London/Project/Deployments/S02,IMG_0361.JPG,2022:04:22 12:24:56,2688,1512
C:/Users/Kong/OneDrive - Imperial College London/Project/Deployments/S02,IMG_0364.JPG,2022:04:22 12:24:59,2688,1512
C:/Users/Kong/OneDrive - Imperial College London/Project/Deployments/S02,IMG_0369.JPG,2022:04:22 12:25:04,2688,1512
C:/Users/Kong/OneDrive - Imperial College London/Project/Deployments/S02,IMG_0371.JPG,2022:04:22 12:25:07,2688,1512
C:/Users/Kong/OneDrive - Imperial College London/Project/Deployments/S02,IMG_0373.JPG,2022:04:22 12:25:10,2688,1512
C:/Users/Kong/OneDrive - Imperial College London/Project/Deployments/S02,IMG_0376.JPG,2022:04:22 12:25:16,2688,1512
C:/Users/Kong/OneDrive - Imperial College London/Project/Deployments/S02,IMG_2144.JPG,2022:04:29 22:53:17,2688,1512
C:/Users/Kong/OneDrive - Imperial College London/Project/Deployments/S02,IMG_2145.JPG,2022:04:29 22:53:18,2688,1512
C:/Users/Kong/OneDrive - Imperial College London/Project/Deployments/S02,IMG_2146.JPG,NA,2688,1512
C:/Users/Kong/OneDrive - Imperial College London/Project/Deployments/S02,IMG_2147.JPG,2022:04:29 22:53:20,2688,1512
C:/Users/Kong/OneDrive - Imperial College London/Project/Deployments/S02,IMG_2148.JPG,2022:04:29 22:53:21,2688,1512
C:/Users/Kong/OneDrive - Imperial College London/Project/Deployments/S02,IMG_2150.JPG,NA,2688,1512
C:/Users/Kong/OneDrive - Imperial College London/Project/Deployments/S02,IMG_2151.JPG,2022:04:29 22:53:29,2688,1512
C:/Users/Kong/OneDrive - Imperial College London/Project/Deployments/S02,IMG_2152.JPG,2022:04:29 22:53:30,2688,1512
C:/Users/Kong/OneDrive - Imperial College London/Project/Deployments/S02,IMG_2153.JPG,NA,2688,1512
C:/Users/Kong/OneDrive - Imperial College London/Project/Deployments/S02,IMG_2154.JPG,2022:04:29 22:53:35,2688,1512
C:/Users/Kong/OneDrive - Imperial College London/Project/Deployments/S02,IMG_2155.JPG,2022:04:29 22:53:37,2688,1512
C:/Users/Kong/OneDrive - Imperial College London/Project/Deployments/S02,IMG_2733.JPG,NA,2688,1512
C:/Users/Kong/OneDrive - Imperial College London/Project/Deployments/S03,IMG_0601.JPG,2022:04:22 14:05:49,2688,1512
C:/Users/Kong/OneDrive - Imperial College London/Project/Deployments/S03,IMG_0607.JPG,2022:04:22 14:05:54,2688,1512
C:/Users/Kong/OneDrive - Imperial College London/Project/Deployments/S03,IMG_0616.JPG,2022:04:22 14:06:04,2688,1512
C:/Users/Kong/OneDrive - Imperial College London/Project/Deployments/S03,IMG_0622.JPG,NA,2688,1512
C:/Users/Kong/OneDrive - Imperial College London/Project/Deployments/S03,IMG_0626.JPG,NA,2688,1512
C:/Users/Kong/OneDrive - Imperial College London/Project/Deployments/S03,IMG_0629.JPG,2022:04:22 14:06:46,2688,1512
C:/Users/Kong/OneDrive - Imperial College London/Project/Deployments/S03,IMG_0635.JPG,2022:04:22 14:06:56,2688,1512
C:/Users/Kong/OneDrive - Imperial College London/Project/Deployments/S03,IMG_0640.JPG,2022:04:22 14:07:16,2688,1512
C:/Users/Kong/OneDrive - Imperial College London/Project/Deployments/S03,IMG_0648.JPG,2022:04:22 14:07:35,2688,1512
C:/Users/Kong/OneDrive - Imperial College London/Project/Deployments/S03,IMG_0650.JPG,2022:04:22 14:07:43,2688,1512
C:/Users/Kong/OneDrive - Imperial College London/Project/Deployments/S03,IMG_1599.JPG,NA,2688,1512
C:/Users/Kong/OneDrive - Imperial College London/Project/Deployments/S03,IMG_1600.JPG,NA,2688,1512
C:/Users/Kong/OneDrive - Imperial College London/Project/Deployments/S04,IMG_0459.JPG,2022:04:22 12:34:13,2688,1512
C:/Users/Kong/OneDrive - Imperial College London/Project/Deployments/S04,IMG_0462.JPG,2022:04:22 12:34:16,2688,1512
C:/Users/Kong/OneDrive - Imperial College London/Project/Deployments/S04,IMG_0468.JPG,2022:04:22 12:34:29,2688,1512
C:/Users/Kong/OneDrive - Imperial College London/Project/Deployments/S04,IMG_0470.JPG,2022:04:22 12:34:32,2688,1512
C:/Users/Kong/OneDrive - Imperial College London/Project/Deployments/S04,IMG_0474.JPG,2022:04:22 12:36:17,2688,1512
C:/Users/Kong/OneDrive - Imperial College London/Project/Deployments/S04,IMG_0479.JPG,2022:04:22 12:36:20,2688,1512
C:/Users/Kong/OneDrive - Imperial College London/Project/Deployments/S04,IMG_2081.JPG,NA,2688,1512
C:/Users/Kong/OneDrive - Imperial College London/Project/Deployments/S04,IMG_2082.JPG,NA,2688,1512
C:/Users/Kong/OneDrive - Imperial College London/Project/Deployments/S04,IMG_2083.JPG,NA,2688,1512
C:/Users/Kong/OneDrive - Imperial College London/Project/Deployments/S05,IMG_0821.JPG,2022:04:22 13:15:36,2688,1512
C:/Users/Kong/OneDrive - Imperial College London/Project/Deployments/S05,IMG_0824.JPG,2022:04:22 13:15:39,2688,1512
C:/Users/Kong/OneDrive - Imperial College London/Project/Deployments/S05,IMG_0829.JPG,2022:04:22 13:15:46,2688,1512
C:/Users/Kong/OneDrive - Imperial College London/Project/Deployments/S05,IMG_0850.JPG,2022:04:22 13:16:56,2688,1512
C:/Users/Kong/OneDrive - Imperial College London/Project/Deployments/S05,IMG_3374.JPG,NA,2688,1512
C:/Users/Kong/OneDrive - Imperial College London/Project/Deployments/S05,IMG_3376.JPG,NA,2688,1512
C:/Users/Kong/OneDrive - Imperial College London/Project/Deployments/S05,IMG_3377.JPG,NA,2688,1512
C:/Users/Kong/OneDrive - Imperial College London/Project/Deployments/S06,IMG_0218.JPG,2022:04:22 11:41:17,2688,1512
C:/Users/Kong/OneDrive - Imperial College London/Project/Deployments/S06,IMG_0224.JPG,2022:04:22 11:41:30,2688,1512
C:/Users/Kong/OneDrive - Imperial College London/Project/Deployments/S06,IMG_0225.JPG,2022:04:22 11:41:33,2688,1512
C:/Users/Kong/OneDrive - Imperial College London/Project/Deployments/S06,IMG_0228.JPG,2022:04:22 11:41:36,2688,1512
C:/Users/Kong/OneDrive - Imperial College London/Project/Deployments/S06,IMG_0238.JPG,2022:04:22 11:41:54,2688,1512
C:/Users/Kong/OneDrive - Imperial College London/Project/Deployments/S06,IMG_0244.JPG,2022:04:22 11:42:00,2688,1512
C:/Users/Kong/OneDrive - Imperial College London/Project/Deployments/S06,IMG_0369.JPG,NA,2688,1512
C:/Users/Kong/OneDrive - Imperial College London/Project/Deployments/S06,IMG_0370.JPG,NA,2688,1512
C:/Users/Kong/OneDrive - Imperial College London/Project/Deployments/S06,IMG_0371.JPG,NA,2688,1512
C:/Users/Kong/OneDrive - Imperial College London/Project/Deployments/S06,IMG_0372.JPG,NA,2688,1512
C:/Users/Kong/OneDrive - Imperial College London/Project/Deployments/S07,IMG_0157.JPG,2022:04:22 11:23:22,2688,1512
C:/Users/Kong/OneDrive - Imperial College London/Project/Deployments/S07,IMG_0166.JPG,2022:04:22 11:23:37,2688,1512
C:/Users/Kong/OneDrive - Imperial College London/Project/Deployments/S07,IMG_0168.JPG,2022:04:22 11:23:46,2688,1512
C:/Users/Kong/OneDrive - Imperial College London/Project/Deployments/S07,IMG_3759.JPG,2022:05:12 23:30:01,2688,1512
C:/Users/Kong/OneDrive - Imperial College London/Project/Deployments/S07,IMG_3760.JPG,2022:05:12 23:30:02,2688,1512
C:/Users/Kong/OneDrive - Imperial College London/Project/Deployments/S07,IMG_3761.JPG,2022:05:12 23:30:02,2688,1512
C:/Users/Kong/OneDrive - Imperial College London/Project/Deployments/S07,IMG_3762.JPG,2022:05:12 23:30:03,2688,1512
C:/Users/Kong/OneDrive - Imperial College London/Project/Deployments/S07,IMG_3763.JPG,2022:05:12 23:30:06,2688,1512
C:/Users/Kong/OneDrive - Imperial College London/Project/Deployments/S07,IMG_3764.JPG,2022:05:12 23:30:07,2688,1512
C:/Users/Kong/OneDrive - Imperial College London/Project/Deployments/S07,IMG_3765.JPG,2022:05:12 23:30:08,2688,1512
C:/Users/Kong/OneDrive - Imperial College London/Project/Deployments/S07,IMG_3766.JPG,2022:05:12 23:30:08,2688,1512
C:/Users/Kong/OneDrive - Imperial College London/Project/Deployments/S07,IMG_3767.JPG,2022:05:12 23:30:11,2688,1512
C:/Users/Kong/OneDrive - Imperial College London/Project/Deployments/S07,IMG_3768.JPG,2022:05:12 23:30:11,2688,1512
C:/Users/Kong/OneDrive - Imperial College London/Project/Deployments/S07,IMG_3769.JPG,2022:05:12 23:30:13,2688,1512
C:/Users/Kong/OneDrive - Imperial College London/Project/Deployments/S07,IMG_3934.JPG,2022:05:13 21:11:37,2688,1512
C:/Users/Kong/OneDrive - Imperial College London/Project/Deployments/S07,IMG_3935.JPG,2022:05:13 21:11:38,2688,1512
C:/Users/Kong/OneDrive - Imperial College London/Project/Deployments/S07,IMG_3936.JPG,2022:05:13 21:11:39,2688,1512
C:/Users/Kong/OneDrive - Imperial College London/Project/Deployments/S07,IMG_3937.JPG,2022:05:13 21:11:40,2688,1512
C:/Users/Kong/OneDrive - Imperial College London/Project/Deployments/S08,IMG_0254.JPG,2022:04:22 11:57:21,2736,1520
C:/Users/Kong/OneDrive - Imperial College London/Project/Deployments/S08,IMG_0256.JPG,2022:04:22 11:57:22,2736,1520
C:/Users/Kong/OneDrive - Imperial College London/Project/Deployments/S08,IMG_0272.JPG,2022:04:22 11:57:48,2736,1520
C:/Users/Kong/OneDrive - Imperial College London/Project/Deployments/S08,IMG_0273.JPG,2022:04:22 11:57:52,2736,1520
C:/Users/Kong/OneDrive - Imperial College London/Project/Deployments/S08,IMG_0274.JPG,2022:04:22 11:57:55,2736,1520
C:/Users/Kong/OneDrive - Imperial College London/Project/Deployments/S08,IMG_1565.JPG,NA,2736,1520
C:/Users/Kong/OneDrive - Imperial College London/Project/Deployments/S08,IMG_1567.JPG,NA,2736,1520
C:/Users/Kong/OneDrive - Imperial College London/Project/Deployments/S08,IMG_1568.JPG,NA,2736,1520
C:/Users/Kong/OneDrive - Imperial College London/Project/Deployments/S08,IMG_1569.JPG,NA,2736,1520
C:/Users/Kong/OneDrive - Imperial College London/Project/Deployments/S08,IMG_1570.JPG,NA,2736,1520
C:/Users/Kong/OneDrive - Imperial College London/Project/Deployments/S08,IMG_1571.JPG,NA,2736,1520
C:/Users/Kong/OneDrive - Imperial College London/Project/Deployments/S08,IMG_1572.JPG,NA,2736,1520
C:/Users/Kong/OneDrive - Imperial College London/Project/Deployments/S08,IMG_1573.JPG,NA,2736,1520
C:/Users/Kong/OneDrive - Imperial College London/Project/Deployments/S09,IMG_0183.JPG,2022:04:22 12:42:36,2688,1512
C:/Users/Kong/OneDrive - Imperial College London/Project/Deployments/S09,IMG_0185.JPG,2022:04:22 12:42:40,2688,1512
C:/Users/Kong/OneDrive - Imperial College London/Project/Deployments/S09,IMG_0186.JPG,2022:04:22 12:42:41,2688,1512
C:/Users/Kong/OneDrive - Imperial College London/Project/Deployments/S09,IMG_0246.JPG,NA,2688,1512
C:/Users/Kong/OneDrive - Imperial College London/Project/Deployments/S09,IMG_0247.JPG,NA,2688,1512
C:/Users/Kong/OneDrive - Imperial College London/Project/Deployments/S09,IMG_0248.JPG,NA,2688,1512
C:/Users/Kong/OneDrive - Imperial College London/Project/Deployments/S09,IMG_0249.JPG,NA,2688,1512
C:/Users/Kong/OneDrive - Imperial College London/Project/Deployments/S09,IMG_0250.JPG,NA,2688,1512
C:/Users/Kong/OneDrive - Imperial College London/Project/Deployments/S10,IMG_0333.JPG,2022:04:22 14:13:52,2688,1512
C:/Users/Kong/OneDrive - Imperial College London/Project/Deployments/S10,IMG_0337.JPG,2022:04:22 14:13:57,2688,1512
C:/Users/Kong/OneDrive - Imperial College London/Project/Deployments/S10,IMG_0342.JPG,2022:04:22 14:14:06,2688,1512
C:/Users/Kong/OneDrive - Imperial College London/Project/Deployments/S10,IMG_0343.JPG,2022:04:22 14:14:07,2688,1512
C:/Users/Kong/OneDrive - Imperial College London/Project/Deployments/S10,IMG_0344.JPG,2022:04:22 14:14:09,2688,1512
C:/Users/Kong/OneDrive - Imperial College London/Project/Deployments/S10,IMG_0382.JPG,NA,2688,1512
C:/Users/Kong/OneDrive - Imperial College London/Project/Deployments/S10,IMG_0383.JPG,NA,2688,1512
C:/Users/Kong/OneDrive - Imperial College London/Project/Deployments/S10,IMG_0384.JPG,NA,2688,1512
C:/Users/Kong/OneDrive - Imperial College London/Project/Deployments/S10,IMG_0385.JPG,NA,2688,1512
C:/Users/Kong/OneDrive - Imperial College London/Project/Deployments/S10,IMG_0386.JPG,NA,2688,1512
C:/Users/Kong/OneDrive - Imperial College London/Project/Deployments/S10,IMG_1157.JPG,NA,2688,1512
C:/Users/Kong/OneDrive - Imperial College London/Project/Deployments/S10,IMG_1158.JPG,NA,2688,1512
C:/Users/Kong/OneDrive - Imperial College London/Project/Deployments/S10,IMG_1159.JPG,NA,2688,1512
C:/Users/Kong/OneDrive - Imperial College London/Project/Deployments/S10,IMG_1234.JPG,NA,2688,1512
C:/Users/Kong/OneDrive - Imperial College London/Project/Deployments/S10,IMG_1235.JPG,NA,2688,1512
C:/Users/Kong/OneDrive - Imperial College London/Project/Deployments/S10,IMG_1236.JPG,NA,2688,1512
C:/Users/Kong/OneDrive - Imperial College London/Project/Deployments/S10,IMG_1237.JPG,NA,2688,1512
C:/Users/Kong/OneDrive - Imperial College London/Project/Deployments/S10,IMG_1238.JPG,NA,2688,1512
C:/Users/Kong/OneDrive - Imperial College London/Project/Deployments/S10,IMG_1241.JPG,NA,2688,1512
C:/Users/Kong/OneDrive - Imperial College London/Project/Deployments/S10,IMG_1242.JPG,NA,2688,1512
C:/Users/Kong/OneDrive - Imperial College London/Project/Deployments/S11,IMG_0684.JPG,2022:04:22 12:15:21,2688,1512
C:/Users/Kong/OneDrive - Imperial College London/Project/Deployments/S11,IMG_0687.JPG,2022:04:22 12:15:28,2688,1512
C:/Users/Kong/OneDrive - Imperial College London/Project/Deployments/S11,IMG_0691.JPG,2022:04:22 12:15:43,2688,1512
C:/Users/Kong/OneDrive - Imperial College London/Project/Deployments/S11,IMG_0692.JPG,2022:04:22 12:15:43,2688,1512
C:/Users/Kong/OneDrive - Imperial College London/Project/Deployments/S11,IMG_0694.JPG,2022:04:22 12:15:51,2688,1512
C:/Users/Kong/OneDrive - Imperial College London/Project/Deployments/S11,IMG_0695.JPG,2022:04:22 12:15:51,2688,1512
C:/Users/Kong/OneDrive - Imperial College London/Project/Deployments/S11,IMG_0700.JPG,2022:04:22 12:15:58,2688,1512
C:/Users/Kong/OneDrive - Imperial College London/Project/Deployments/S11,IMG_0703.JPG,2022:04:22 12:16:06,2688,1512
C:/Users/Kong/OneDrive - Imperial College London/Project/Deployments/S11,IMG_0706.JPG,2022:04:22 12:16:14,2688,1512
C:/Users/Kong/OneDrive - Imperial College London/Project/Deployments/S11,IMG_0707.JPG,2022:04:22 12:16:29,2688,1512
C:/Users/Kong/OneDrive - Imperial College London/Project/Deployments/S11,IMG_2877.JPG,NA,2688,1512
C:/Users/Kong/OneDrive - Imperial College London/Project/Deployments/S11,IMG_2878.JPG,NA,2688,1512
C:/Users/Kong/OneDrive - Imperial College London/Project/Deployments/S11,IMG_2879.JPG,NA,2688,1512
C:/Users/Kong/OneDrive - Imperial College London/Project/Deployments/S12,IMG_0800.JPG,2022:04:22 12:59:09,2688,1512
C:/Users/Kong/OneDrive - Imperial College London/Project/Deployments/S12,IMG_0807.JPG,2022:04:22 12:59:18,2688,1512
C:/Users/Kong/OneDrive - Imperial College London/Project/Deployments/S12,IMG_0811.JPG,2022:04:22 12:59:21,2688,1512
C:/Users/Kong/OneDrive - Imperial College London/Project/Deployments/S12,IMG_0812.JPG,2022:04:22 12:59:22,2688,1512
C:/Users/Kong/OneDrive - Imperial College London/Project/Deployments/S12,IMG_0813.JPG,2022:04:22 12:59:22,2688,1512
C:/Users/Kong/OneDrive - Imperial College London/Project/Deployments/S12,IMG_0816.JPG,2022:04:22 12:59:26,2688,1512
C:/Users/Kong/OneDrive - Imperial College London/Project/Deployments/S12,IMG_0817.JPG,2022:04:22 12:59:27,2688,1512
C:/Users/Kong/OneDrive - Imperial College London/Project/Deployments/S12,IMG_0820.JPG,2022:04:22 12:59:34,2688,1512
C:/Users/Kong/OneDrive - Imperial College London/Project/Deployments/S12,IMG_0821.JPG,2022:04:22 12:59:37,2688,1512
C:/Users/Kong/OneDrive - Imperial College London/Project/Deployments/S12,IMG_3673.JPG,2022:04:25 01:02:22,2688,1512
C:/Users/Kong/OneDrive - Imperial College London/Project/Deployments/S12,IMG_3674.JPG,2022:04:25 01:02:25,2688,1512
C:/Users/Kong/OneDrive - Imperial College London/Project/Deployments/S12,IMG_3675.JPG,2022:04:25 01:02:27,2688,1512
C:/Users/Kong/OneDrive - Imperial College London/Project/Deployments/S12,IMG_3676.JPG,2022:04:25 01:02:28,2688,1512
C:/Users/Kong/OneDrive - Imperial College London/Project/Deployments/S12,IMG_3677.JPG,2022:04:25 01:02:29,2688,1512
C:/Users/Kong/OneDrive - Imperial College London/Project/Deployments/S12,IMG_3678.JPG,2022:04:25 01:02:30,2688,1512
C:/Users/Kong/OneDrive - Imperial College London/Project/Deployments/S12,IMG_3679.JPG,2022:04:25 01:02:31,2688,1512
C:/Users/Kong/OneDrive - Imperial College London/Project/Deployments/S12,IMG_3680.JPG,2022:04:25 01:02:32,2688,1512
C:/Users/Kong/OneDrive - Imperial College London/Project/Deployments/S12,IMG_3681.JPG,2022:04:25 01:02:33,2688,1512
C:/Users/Kong/OneDrive - Imperial College London/Project/Deployments/S12,IMG_3682.JPG,2022:04:25 01:02:34,2688,1512
C:/Users/Kong/OneDrive - Imperial College London/Project/Deployments/S12,IMG_3683.JPG,2022:04:25 01:02:36,2688,1512
C:/Users/Kong/OneDrive - Imperial College London/Project/Deployments/S12,IMG_3684.JPG,2022:04:25 01:02:37,2688,1512
C:/Users/Kong/OneDrive - Imperial College London/Project/Deployments/S12,IMG_3685.JPG,2022:04:25 01:02:38,2688,1512
C:/Users/Kong/OneDrive - Imperial College London/Project/Deployments/S12,IMG_3686.JPG,2022:04:25 01:52:19,2688,1512
C:/Users/Kong/OneDrive - Imperial College London/Project/Deployments/S12,IMG_3687.JPG,2022:04:25 01:52:20,2688,1512
C:/Users/Kong/OneDrive - Imperial College London/Project/Deployments/S12,IMG_3688.JPG,2022:04:25 01:52:21,2688,1512
C:/Users/Kong/OneDrive - Imperial College London/Project/Deployments/S12,IMG_3689.JPG,2022:04:25 01:52:36,2688,1512
C:/Users/Kong/OneDrive - Imperial College London/Project/Deployments/S12,IMG_3690.JPG,2022:04:25 01:52:39,2688,1512
C:/Users/Kong/OneDrive - Imperial College London/Project/Deployments/S12,IMG_3691.JPG,2022:04:25 01:52:40,2688,1512
C:/Users/Kong/OneDrive - Imperial College London/Project/Deployments/S12,IMG_3692.JPG,2022:04:25 01:52:44,2688,1512
C:/Users/Kong/OneDrive - Imperial College London/Project/Deployments/S12,IMG_3693.JPG,2022:04:25 01:52:45,2688,1512
C:/Users/Kong/OneDrive - Imperial College London/Project/Deployments/S12,IMG_3694.JPG,2022:04:25 01:52:46,2688,1512
C:/Users/Kong/OneDrive - Imperial College London/Project/Deployments/S12,IMG_6287.JPG,2022:05:01 02:39:55,2688,1512
C:/Users/Kong/OneDrive - Imperial College London/Project/Deployments/S12,IMG_6288.JPG,2022:05:01 02:39:57,2688,1512
C:/Users/Kong/OneDrive - Imperial College London/Project/Deployments/S12,IMG_6289.JPG,2022:05:01 02:39:58,2688,1512
C:/Users/Kong/OneDrive - Imperial College London/Project/Deployments/S12,IMG_6290.JPG,2022:05:01 02:39:58,2688,1512
C:/Users/Kong/OneDrive - Imperial College London/Project/Deployments/S12,IMG_6291.JPG,2022:05:01 02:40:00,2688,1512
C:/Users/Kong/OneDrive - Imperial College London/Project/Deployments/S12,IMG_6292.JPG,2022:05:01 02:40:01,2688,1512
C:/Users/Kong/OneDrive - Imperial College London/Project/Deployments/S12,IMG_6293.JPG,2022:05:01 02:40:02,2688,1512
C:/Users/Kong/OneDrive - Imperial College London/Project/Deployments/S12,IMG_6294.JPG,2022:05:01 02:40:04,2688,1512
C:/Users/Kong/OneDrive - Imperial College London/Project/Deployments/S12,IMG_6295.JPG,2022:05:01 02:40:05,2688,1512
C:/Users/Kong/OneDrive - Imperial College London/Project/Deployments/S12,IMG_6296.JPG,2022:05:01 02:40:08,2688,1512
C:/Users/Kong/OneDrive - Imperial College London/Project/Deployments/S12,IMG_6297.JPG,2022:05:01 02:40:09,2688,1512
C:/Users/Kong/OneDrive - Imperial College London/Project/Deployments/S12,IMG_6298.JPG,2022:05:01 02:40:11,2688,1512
C:/Users/Kong/OneDrive - Imperial College London/Project/Deployments/S12,IMG_6299.JPG,2022:05:01 02:40:13,2688,1512
C:/Users/Kong/OneDrive - Imperial College London/Project/Deployments/S12,IMG_8101.JPG,2022:05:04 00:00:42,2688,1512
C:/Users/Kong/OneDrive - Imperial College London/Project/Deployments/S12,IMG_8102.JPG,2022:05:04 00:00:43,2688,1512
C:/Users/Kong/OneDrive - Imperial College London/Project/Deployments/S12,IMG_8103.JPG,2022:05:04 00:00:44,2688,1512
C:/Users/Kong/OneDrive - Imperial College London/Project/Deployments/S12,IMG_8104.JPG,2022:05:04 00:00:46,2688,1512
C:/Users/Kong/OneDrive - Imperial College London/Project/Deployments/S12,IMG_8105.JPG,2022:05:04 00:00:47,2688,1512
C:/Users/Kong/OneDrive - Imperial College London/Project/Deployments/S12,IMG_8106.JPG,2022:05:04 00:00:48,2688,1512
C:/Users/Kong/OneDrive - Imperial College London/Project/Deployments/S12,IMG_8107.JPG,2022:05:04 00:00:51,2688,1512
C:/Users/Kong/OneDrive - Imperial College London/Project/Deployments/S12,IMG_8108.JPG,2022:05:04 00:00:52,2688,1512
C:/Users/Kong/OneDrive - Imperial College London/Project/Deployments/S12,IMG_8109.JPG,2022:05:04 00:00:53,2688,1512
C:/Users/Kong/OneDrive - Imperial College London/Project/Deployments/S12,IMG_8110.JPG,2022:05:04 00:00:55,2688,1512
C:/Users/Kong/OneDrive - Imperial College London/Project/Deployments/S12,IMG_8111.JPG,2022:05:04 00:00:57,2688,1512
C:/Users/Kong/OneDrive - Imperial College London/Project/Deployments/S12,IMG_8112.JPG,2022:05:04 00:00:58,2688,1512
C:/Users/Kong/OneDrive - Imperial College London/Project/Deployments/S12,IMG_8113.JPG,2022:05:04 00:00:58,2688,1512
C:/Users/Kong/OneDrive - Imperial College London/Project/Deployments/S12,IMG_8114.JPG,2022:05:04 00:01:01,2688,1512
C:/Users/Kong/OneDrive - Imperial College London/Project/Deployments/S12,IMG_8115.JPG,2022:05:04 00:01:02,2688,1512
C:/Users/Kong/OneDrive - Imperial College London/Project/Deployments/S12,IMG_8116.JPG,2022:05:04 00:01:03,2688,1512
C:/Users/Kong/OneDrive - Imperial College London/Project/Deployments/S12,IMG_8117.JPG,2022:05:04 00:01:06,2688,1512
C:/Users/Kong/OneDrive - Imperial College London/Project/Deployments/S12,IMG_8118.JPG,2022:05:04 00:01:07,2688,1512
C:/Users/Kong/OneDrive - Imperial College London/Project/Deployments/S13,IMG_0155.JPG,2022:04:22 12:18:32,2688,1512
C:/Users/Kong/OneDrive - Imperial College London/Project/Deployments/S13,IMG_0156.JPG,2022:04:22 12:18:32,2688,1512
C:/Users/Kong/OneDrive - Imperial College London/Project/Deployments/S13,IMG_0157.JPG,2022:04:22 12:18:35,2688,1512
C:/Users/Kong/OneDrive - Imperial College London/Project/Deployments/S13,IMG_0158.JPG,2022:04:22 12:18:35,2688,1512
C:/Users/Kong/OneDrive - Imperial College London/Project/Deployments/S13,IMG_0159.JPG,2022:04:22 12:18:35,2688,1512
C:/Users/Kong/OneDrive - Imperial College London/Project/Deployments/S13,IMG_0160.JPG,2022:04:22 12:18:38,2688,1512
C:/Users/Kong/OneDrive - Imperial College London/Project/Deployments/S13,IMG_0162.JPG,2022:04:22 12:18:40,2688,1512
C:/Users/Kong/OneDrive - Imperial College London/Project/Deployments/S13,IMG_0163.JPG,2022:04:22 12:18:40,2688,1512
C:/Users/Kong/OneDrive - Imperial College London/Project/Deployments/S13,IMG_0164.JPG,2022:04:22 12:18:41,2688,1512
C:/Users/Kong/OneDrive - Imperial College London/Project/Deployments/S13,IMG_0165.JPG,2022:04:22 12:18:41,2688,1512
C:/Users/Kong/OneDrive - Imperial College London/Project/Deployments/S13,IMG_0168.JPG,2022:04:22 12:18:43,2688,1512
C:/Users/Kong/OneDrive - Imperial College London/Project/Deployments/S13,IMG_0169.JPG,2022:04:22 12:18:43,2688,1512
C:/Users/Kong/OneDrive - Imperial College London/Project/Deployments/S13,IMG_0170.JPG,2022:04:22 12:18:44,2688,1512
C:/Users/Kong/OneDrive - Imperial College London/Project/Deployments/S13,IMG_0171.JPG,2022:04:22 12:18:44,2688,1512
C:/Users/Kong/OneDrive - Imperial College London/Project/Deployments/S13,IMG_0172.JPG,2022:04:22 12:18:47,2688,1512
C:/Users/Kong/OneDrive - Imperial College London/Project/Deployments/S13,IMG_0176.JPG,2022:04:22 12:18:53,2688,1512
C:/Users/Kong/OneDrive - Imperial College London/Project/Deployments/S13,IMG_0179.JPG,2022:04:22 12:19:00,2688,1512
C:/Users/Kong/OneDrive - Imperial College London/Project/Deployments/S13,IMG_0181.JPG,2022:04:22 12:19:02,2688,1512
C:/Users/Kong/OneDrive - Imperial College London/Project/Deployments/S13,IMG_0183.JPG,2022:04:22 12:19:11,2688,1512
C:/Users/Kong/OneDrive - Imperial College London/Project/Deployments/S13,IMG_3016.JPG,NA,2688,1512
C:/Users/Kong/OneDrive - Imperial College London/Project/Deployments/S13,IMG_3194.JPG,NA,2688,1512
C:/Users/Kong/OneDrive - Imperial College London/Project/Deployments/S13,IMG_3198.JPG,NA,2688,1512
C:/Users/Kong/OneDrive - Imperial College London/Project/Deployments/S13,IMG_3535.JPG,NA,2688,1512
C:/Users/Kong/OneDrive - Imperial College London/Project/Deployments/S14,IMG_0239.JPG,2022:04:22 13:17:12,2736,1520
C:/Users/Kong/OneDrive - Imperial College London/Project/Deployments/S14,IMG_0240.JPG,2022:04:22 13:17:13,2736,1520
C:/Users/Kong/OneDrive - Imperial College London/Project/Deployments/S14,IMG_1012.JPG,NA,2736,1520
C:/Users/Kong/OneDrive - Imperial College London/Project/Deployments/S14,IMG_1013.JPG,NA,2736,1520
C:/Users/Kong/OneDrive - Imperial College London/Project/Deployments/S14,IMG_2988.JPG,NA,2736,1520
C:/Users/Kong/OneDrive - Imperial College London/Project/Deployments/S14,IMG_2989.JPG,NA,2736,1520
C:/Users/Kong/OneDrive - Imperial College London/Project/Deployments/S14,IMG_2990.JPG,NA,2736,1520
C:/Users/Kong/OneDrive - Imperial College London/Project/Deployments/S14,IMG_2991.JPG,NA,2736,1520
C:/Users/Kong/OneDrive - Imperial College London/Project/Deployments/S14,IMG_2992.JPG,NA,2736,1520
C:/Users/Kong/OneDrive - Imperial College London/Project/Deployments/S14,IMG_2993.JPG,NA,2736,1520
C:/Users/Kong/OneDrive - Imperial College London/Project/Deployments/S14,IMG_2994.JPG,NA,2736,1520
C:/Users/Kong/OneDrive - Imperial College London/Project/Deployments/S14,IMG_2995.JPG,NA,2736,1520
C:/Users/Kong/OneDrive - Imperial College London/Project/Deployments/S15,IMG_0262.JPG,2022:04:22 12:01:35,2688,1512
C:/Users/Kong/OneDrive - Imperial College London/Project/Deployments/S15,IMG_0266.JPG,2022:04:22 12:01:39,2688,1512
C:/Users/Kong/OneDrive - Imperial College London/Project/Deployments/S15,IMG_0267.JPG,2022:04:22 12:01:39,2688,1512
C:/Users/Kong/OneDrive - Imperial College London/Project/Deployments/S15,IMG_0269.JPG,2022:04:22 12:01:43,2688,1512
C:/Users/Kong/OneDrive - Imperial College London/Project/Deployments/S15,IMG_0272.JPG,2022:04:22 12:01:47,2688,1512
C:/Users/Kong/OneDrive - Imperial College London/Project/Deployments/S15,IMG_0275.JPG,2022:04:22 12:01:50,2688,1512
C:/Users/Kong/OneDrive - Imperial College London/Project/Deployments/S15,IMG_0278.JPG,2022:04:22 12:01:54,2688,1512
C:/Users/Kong/OneDrive - Imperial College London/Project/Deployments/S15,IMG_0660.JPG,2022:04:23 04:28:54,2688,1512
C:/Users/Kong/OneDrive - Imperial College London/Project/Deployments/S15,IMG_2404.JPG,2022:05:05 02:15:46,2688,1512
C:/Users/Kong/OneDrive - Imperial College London/Project/Deployments/S15,IMG_2405.JPG,2022:05:05 02:15:47,2688,1512
C:/Users/Kong/OneDrive - Imperial College London/Project/Deployments/S15,IMG_2406.JPG,2022:05:05 02:15:48,2688,1512
C:/Users/Kong/OneDrive - Imperial College London/Project/Deployments/S15,IMG_2407.JPG,2022:05:05 02:15:50,2688,1512
C:/Users/Kong/OneDrive - Imperial College London/Project/Deployments/S15,IMG_3983.JPG,2022:04:26 01:31:22,2688,1512
C:/Users/Kong/OneDrive - Imperial College London/Project/Deployments/S15,IMG_3984.JPG,2022:04:26 01:31:22,2688,1512
C:/Users/Kong/OneDrive - Imperial College London/Project/Deployments/S15,IMG_3985.JPG,2022:04:26 01:31:23,2688,1512
C:/Users/Kong/OneDrive - Imperial College London/Project/Deployments/S15,IMG_3986.JPG,2022:04:26 01:31:24,2688,1512
C:/Users/Kong/OneDrive - Imperial College London/Project/Deployments/S15,IMG_5893.JPG,2022:04:28 04:18:52,2688,1512
C:/Users/Kong/OneDrive - Imperial College London/Project/Deployments/S15,IMG_5894.JPG,2022:04:28 04:18:53,2688,1512
C:/Users/Kong/OneDrive - Imperial College London/Project/Deployments/S15,IMG_8744.JPG,2022:05:01 03:59:23,2688,1512
C:/Users/Kong/OneDrive - Imperial College London/Project/Deployments/S15,IMG_8745.JPG,2022:05:01 03:59:25,2688,1512
C:/Users/Kong/OneDrive - Imperial College London/Project/Deployments/S16,IMG_0149.JPG,2022:04:22 11:49:48,2688,1512
C:/Users/Kong/OneDrive - Imperial College London/Project/Deployments/S16,IMG_0439.JPG,2022:05:05 02:33:58,2688,1512
C:/Users/Kong/OneDrive - Imperial College London/Project/Deployments/S16,IMG_0440.JPG,2022:05:05 02:33:59,2688,1512
C:/Users/Kong/OneDrive - Imperial College London/Project/Deployments/S17,IMG_0222.JPG,2022:04:22 00:08:31,2688,1512
C:/Users/Kong/OneDrive - Imperial College London/Project/Deployments/S17,IMG_0226.JPG,2022:04:22 00:08:37,2688,1512
C:/Users/Kong/OneDrive - Imperial College London/Project/Deployments/S17,IMG_0229.JPG,2022:04:22 00:08:44,2688,1512
C:/Users/Kong/OneDrive - Imperial College London/Project/Deployments/S17,IMG_0230.JPG,2022:04:22 00:08:45,2688,1512
C:/Users/Kong/OneDrive - Imperial College London/Project/Deployments/S17,IMG_0234.JPG,2022:04:22 00:08:51,2688,1512
C:/Users/Kong/OneDrive - Imperial College London/Project/Deployments/S17,IMG_0238.JPG,2022:04:22 00:08:55,2688,1512
C:/Users/Kong/OneDrive - Imperial College London/Project/Deployments/S17,IMG_0242.JPG,2022:04:22 00:09:00,2688,1512
C:/Users/Kong/OneDrive - Imperial College London/Project/Deployments/S17,IMG_0246.JPG,2022:04:22 00:09:06,2688,1512
C:/Users/Kong/OneDrive - Imperial College London/Project/Deployments/S17,IMG_0248.JPG,2022:04:22 00:09:08,2688,1512
C:/Users/Kong/OneDrive - Imperial College London/Project/Deployments/S17,IMG_0254.JPG,2022:04:22 00:09:14,2688,1512
C:/Users/Kong/OneDrive - Imperial College London/Project/Deployments/S17,IMG_0257.JPG,2022:04:22 00:09:18,2688,1512
C:/Users/Kong/OneDrive - Imperial College London/Project/Deployments/S17,IMG_0261.JPG,2022:04:22 00:09:26,2688,1512
C:/Users/Kong/OneDrive - Imperial College London/Project/Deployments/S17,IMG_0263.JPG,2022:04:22 00:09:30,2688,1512
C:/Users/Kong/OneDrive - Imperial College London/Project/Deployments/S17,IMG_0265.JPG,2022:04:22 00:09:31,2688,1512
C:/Users/Kong/OneDrive - Imperial College London/Project/Deployments/S17,IMG_2327.JPG,NA,2688,1512
C:/Users/Kong/OneDrive - Imperial College London/Project/Deployments/S17,IMG_2328.JPG,NA,2688,1512
C:/Users/Kong/OneDrive - Imperial College London/Project/Deployments/S17,IMG_2329.JPG,NA,2688,1512
C:/Users/Kong/OneDrive - Imperial College London/Project/Deployments/S17,IMG_2330.JPG,NA,2688,1512
C:/Users/Kong/OneDrive - Imperial College London/Project/Deployments/S17,IMG_5524.JPG,NA,2688,1512
C:/Users/Kong/OneDrive - Imperial College London/Project/Deployments/S17,IMG_5526.JPG,NA,2688,1512
C:/Users/Kong/OneDrive - Imperial College London/Project/Deployments/S17,IMG_5527.JPG,NA,2688,1512
C:/Users/Kong/OneDrive - Imperial College London/Project/Deployments/S17,IMG_5528.JPG,NA,2688,1512
C:/Users/Kong/OneDrive - Imperial College London/Project/Deployments/S17,IMG_5529.JPG,NA,2688,1512
C:/Users/Kong/OneDrive - Imperial College London/Project/Deployments/S17,IMG_5530.JPG,NA,2688,1512
C:/Users/Kong/OneDrive - Imperial College London/Project/Deployments/S17,IMG_5531.JPG,NA,2688,1512
C:/Users/Kong/OneDrive - Imperial College London/Project/Deployments/S18,IMG_0178.JPG,2022:04:22 12:48:52,2688,1512
C:/Users/Kong/OneDrive - Imperial College London/Project/Deployments/S18,IMG_0184.JPG,2022:04:22 12:48:58,2688,1512
C:/Users/Kong/OneDrive - Imperial College London/Project/Deployments/S18,IMG_0186.JPG,2022:04:22 12:49:02,2688,1512
C:/Users/Kong/OneDrive - Imperial College London/Project/Deployments/S18,IMG_0189.JPG,2022:04:22 12:49:08,2688,1512
C:/Users/Kong/OneDrive - Imperial College London/Project/Deployments/S18,IMG_0190.JPG,2022:04:22 12:49:10,2688,1512
C:/Users/Kong/OneDrive - Imperial College London/Project/Deployments/S18,IMG_0193.JPG,2022:04:22 12:49:18,2688,1512
C:/Users/Kong/OneDrive - Imperial College London/Project/Deployments/S18,IMG_0197.JPG,2022:04:22 12:49:40,2688,1512
C:/Users/Kong/OneDrive - Imperial College London/Project/Deployments/S18,IMG_0200.JPG,2022:04:22 12:49:58,2688,1512
C:/Users/Kong/OneDrive - Imperial College London/Project/Deployments/S18,IMG_0201.JPG,2022:04:22 12:50:05,2688,1512
C:/Users/Kong/OneDrive - Imperial College London/Project/Deployments/S18,IMG_0206.JPG,2022:04:22 12:50:09,2688,1512
C:/Users/Kong/OneDrive - Imperial College London/Project/Deployments/S18,IMG_4553.JPG,NA,2688,1512
C:/Users/Kong/OneDrive - Imperial College London/Project/Deployments/S18,IMG_4554.JPG,NA,2688,1512
C:/Users/Kong/OneDrive - Imperial College London/Project/Deployments/S18,IMG_4555.JPG,NA,2688,1512
C:/Users/Kong/OneDrive - Imperial College London/Project/Deployments/S18,IMG_4556.JPG,NA,2688,1512
C:/Users/Kong/OneDrive - Imperial College London/Project/Deployments/S19,IMG_0620.JPG,2022:04:22 12:58:44,2688,1512
C:/Users/Kong/OneDrive - Imperial College London/Project/Deployments/S19,IMG_0624.JPG,2022:04:22 12:58:46,2688,1512
C:/Users/Kong/OneDrive - Imperial College London/Project/Deployments/S19,IMG_0630.JPG,2022:04:22 12:59:27,2688,1512
C:/Users/Kong/OneDrive - Imperial College London/Project/Deployments/S19,IMG_0633.JPG,2022:04:22 12:59:33,2688,1512
C:/Users/Kong/OneDrive - Imperial College London/Project/Deployments/S19,IMG_0635.JPG,2022:04:22 12:59:50,2688,1512
C:/Users/Kong/OneDrive - Imperial College London/Project/Deployments/S19,IMG_0636.JPG,2022:04:22 12:59:51,2688,1512
C:/Users/Kong/OneDrive - Imperial College London/Project/Deployments/S19,IMG_0942.JPG,NA,2688,1512
C:/Users/Kong/OneDrive - Imperial College London/Project/Deployments/S19,IMG_0943.JPG,2022:04:26 04:26:21,2688,1512
C:/Users/Kong/OneDrive - Imperial College London/Project/Deployments/S19,IMG_1412.JPG,NA,2688,1512
C:/Users/Kong/OneDrive - Imperial College London/Project/Deployments/S19,IMG_1413.JPG,NA,2688,1512
C:/Users/Kong/OneDrive - Imperial College London/Project/Deployments/S19,IMG_1414.JPG,NA,2688,1512
C:/Users/Kong/OneDrive - Imperial College London/Project/Deployments/S19,IMG_1415.JPG,NA,2688,1512
C:/Users/Kong/OneDrive - Imperial College London/Project/Deployments/S19,IMG_1416.JPG,NA,2688,1512
C:/Users/Kong/OneDrive - Imperial College London/Project/Deployments/S19,IMG_1417.JPG,NA,2688,1512
C:/Users/Kong/OneDrive - Imperial College London/Project/Deployments/S19,IMG_1418.JPG,NA,2688,1512
C:/Users/Kong/OneDrive - Imperial College London/Project/Deployments/S19,IMG_1730.JPG,NA,2688,1512
C:/Users/Kong/OneDrive - Imperial College London/Project/Deployments/S19,IMG_1731.JPG,NA,2688,1512
C:/Users/Kong/OneDrive - Imperial College London/Project/Deployments/S19,IMG_1732.JPG,NA,2688,1512
C:/Users/Kong/OneDrive - Imperial College London/Project/Deployments/S19,IMG_1733.JPG,NA,2688,1512
C:/Users/Kong/OneDrive - Imperial College London/Project/Deployments/S19,IMG_1734.JPG,NA,2688,1512
C:/Users/Kong/OneDrive - Imperial College London/Project/Deployments/S19,IMG_1736.JPG,NA,2688,1512
C:/Users/Kong/OneDrive - Imperial College London/Project/Deployments/S19,IMG_1737.JPG,NA,2688,1512
C:/Users/Kong/OneDrive - Imperial College London/Project/Deployments/S19,IMG_1738.JPG,NA,2688,1512
C:/Users/Kong/OneDrive - Imperial College London/Project/Deployments/S19,IMG_1739.JPG,NA,2688,1512
C:/Users/Kong/OneDrive - Imperial College London/Project/Deployments/S19,IMG_1740.JPG,NA,2688,1512
C:/Users/Kong/OneDrive - Imperial College London/Project/Deployments/S19,IMG_1741.JPG,NA,2688,1512
C:/Users/Kong/OneDrive - Imperial College London/Project/Deployments/S19,IMG_1742.JPG,NA,2688,1512
C:/Users/Kong/OneDrive - Imperial College London/Project/Deployments/S19,IMG_1743.JPG,NA,2688,1512
C:/Users/Kong/OneDrive - Imperial College London/Project/Deployments/S19,IMG_1744.JPG,NA,2688,1512
C:/Users/Kong/OneDrive - Imperial College London/Project/Deployments/S19,IMG_1745.JPG,NA,2688,1512
C:/Users/Kong/OneDrive - Imperial College London/Project/Deployments/S19,IMG_1746.JPG,NA,2688,1512
C:/Users/Kong/OneDrive - Imperial College London/Project/Deployments/S19,IMG_1747.JPG,NA,2688,1512
C:/Users/Kong/OneDrive - Imperial College London/Project/Deployments/S19,IMG_1748.JPG,NA,2688,1512
C:/Users/Kong/OneDrive - Imperial College London/Project/Deployments/S19,IMG_1749.JPG,NA,2688,1512
C:/Users/Kong/OneDrive - Imperial College London/Project/Deployments/S19,IMG_1750.JPG,NA,2688,1512
C:/Users/Kong/OneDrive - Imperial College London/Project/Deployments/S19,IMG_1751.JPG,NA,2688,1512
C:/Users/Kong/OneDrive - Imperial College London/Project/Deployments/S19,IMG_1752.JPG,NA,2688,1512
C:/Users/Kong/OneDrive - Imperial College London/Project/Deployments/S19,IMG_1753.JPG,NA,2688,1512
C:/Users/Kong/OneDrive - Imperial College London/Project/Deployments/S19,IMG_1754.JPG,NA,2688,1512
C:/Users/Kong/OneDrive - Imperial College London/Project/Deployments/S19,IMG_1755.JPG,NA,2688,1512
C:/Users/Kong/OneDrive - Imperial College London/Project/Deployments/S19,IMG_1756.JPG,NA,2688,1512
C:/Users/Kong/OneDrive - Imperial College London/Project/Deployments/S19,IMG_2688.JPG,NA,2688,1512
C:/Users/Kong/OneDrive - Imperial College London/Project/Deployments/S19,IMG_2689.JPG,NA,2688,1512
C:/Users/Kong/OneDrive - Imperial College London/Project/Deployments/S19,IMG_2690.JPG,NA,2688,1512
C:/Users/Kong/OneDrive - Imperial College London/Project/Deployments/S19,IMG_2691.JPG,NA,2688,1512
C:/Users/Kong/OneDrive - Imperial College London/Project/Deployments/S19,IMG_2692.JPG,NA,2688,1512
C:/Users/Kong/OneDrive - Imperial College London/Project/Deployments/S19,IMG_2693.JPG,NA,2688,1512
C:/Users/Kong/OneDrive - Imperial College London/Project/Deployments/S19,IMG_2694.JPG,NA,2688,1512
C:/Users/Kong/OneDrive - Imperial College London/Project/Deployments/S19,IMG_5154.JPG,NA,2688,1512
C:/Users/Kong/OneDrive - Imperial College London/Project/Deployments/S19,IMG_5155.JPG,NA,2688,1512
C:/Users/Kong/OneDrive - Imperial College London/Project/Deployments/S19,IMG_5156.JPG,NA,2688,1512
C:/Users/Kong/OneDrive - Imperial College London/Project/Deployments/S19,IMG_5157.JPG,NA,2688,1512
C:/Users/Kong/OneDrive - Imperial College London/Project/Deployments/S19,IMG_5158.JPG,NA,2688,1512
C:/Users/Kong/OneDrive - Imperial College London/Project/Deployments/S19,IMG_5159.JPG,NA,2688,1512
C:/Users/Kong/OneDrive - Imperial College London/Project/Deployments/S19,IMG_5160.JPG,NA,2688,1512
C:/Users/Kong/OneDrive - Imperial College London/Project/Deployments/S19,IMG_5161.JPG,NA,2688,1512
C:/Users/Kong/OneDrive - Imperial College London/Project/Deployments/S19,IMG_5162.JPG,NA,2688,1512
C:/Users/Kong/OneDrive - Imperial College London/Project/Deployments/S20,IMG_0118.JPG,2022:04:22 11:53:25,2688,1512
C:/Users/Kong/OneDrive - Imperial College London/Project/Deployments/S20,IMG_0119.JPG,2022:04:22 11:53:25,2688,1512
C:/Users/Kong/OneDrive - Imperial College London/Project/Deployments/S20,IMG_0121.JPG,2022:04:22 11:53:30,2688,1512
C:/Users/Kong/OneDrive - Imperial College London/Project/Deployments/S20,IMG_0124.JPG,2022:04:22 11:53:40,2688,1512
C:/Users/Kong/OneDrive - Imperial College London/Project/Deployments/S20,IMG_0127.JPG,2022:04:22 11:53:47,2688,1512
C:/Users/Kong/OneDrive - Imperial College London/Project/Deployments/S20,IMG_0130.JPG,2022:04:22 11:54:05,2688,1512
C:/Users/Kong/OneDrive - Imperial College London/Project/Deployments/S20,IMG_0131.JPG,2022:04:22 11:54:11,2688,1512
C:/Users/Kong/OneDrive - Imperial College London/Project/Deployments/S20,IMG_1052.JPG,2022:04:26 00:35:43,2688,1512
C:/Users/Kong/OneDrive - Imperial College London/Project/Deployments/S20,IMG_1053.JPG,2022:04:26 00:35:45,2688,1512
C:/Users/Kong/OneDrive - Imperial College London/Project/Deployments/S20,IMG_1054.JPG,2022:04:26 00:35:46,2688,1512
C:/Users/Kong/OneDrive - Imperial College London/Project/Deployments/S20,IMG_1055.JPG,2022:04:26 00:35:47,2688,1512
C:/Users/Kong/OneDrive - Imperial College London/Project/Deployments/S20,IMG_1056.JPG,2022:04:26 00:35:48,2688,1512
C:/Users/Kong/OneDrive - Imperial College London/Project/Deployments/S20,IMG_1057.JPG,2022:04:26 00:35:49,2688,1512
C:/Users/Kong/OneDrive - Imperial College London/Project/Deployments/S20,IMG_1058.JPG,2022:04:26 00:36:53,2688,1512
C:/Users/Kong/OneDrive - Imperial College London/Project/Deployments/S20,IMG_1254.JPG,2022:04:27 00:52:17,2688,1512
C:/Users/Kong/OneDrive - Imperial College London/Project/Deployments/S20,IMG_1255.JPG,2022:04:27 00:52:18,2688,1512
C:/Users/Kong/OneDrive - Imperial College London/Project/Deployments/S20,IMG_1256.JPG,2022:04:27 00:52:18,2688,1512
C:/Users/Kong/OneDrive - Imperial College London/Project/Deployments/S20,IMG_1257.JPG,2022:04:27 00:52:19,2688,1512
C:/Users/Kong/OneDrive - Imperial College London/Project/Deployments/S20,IMG_1258.JPG,2022:04:27 00:52:21,2688,1512
C:/Users/Kong/OneDrive - Imperial College London/Project/Deployments/S20,IMG_1259.JPG,2022:04:27 00:52:23,2688,1512
C:/Users/Kong/OneDrive - Imperial College London/Project/Deployments/S20,IMG_1260.JPG,2022:04:27 00:52:24,2688,1512
C:/Users/Kong/OneDrive - Imperial College London/Project/Deployments/S20,IMG_1674.JPG,2022:04:29 04:10:18,2688,1512
C:/Users/Kong/OneDrive - Imperial College London/Project/Deployments/S20,IMG_1675.JPG,2022:04:29 04:10:19,2688,1512
C:/Users/Kong/OneDrive - Imperial College London/Project/Deployments/S20,IMG_1676.JPG,2022:04:29 04:10:19,2688,1512
C:/Users/Kong/OneDrive - Imperial College London/Project/Deployments/S20,IMG_1677.JPG,2022:04:29 04:10:21,2688,1512
C:/Users/Kong/OneDrive - Imperial College London/Project/Deployments/S20,IMG_1678.JPG,2022:04:29 04:10:22,2688,1512
C:/Users/Kong/OneDrive - Imperial College London/Project/Deployments/S20,IMG_1679.JPG,2022:04:29 04:10:23,2688,1512
C:/Users/Kong/OneDrive - Imperial College London/Project/Deployments/S20,IMG_1680.JPG,2022:04:29 04:10:24,2688,1512
C:/Users/Kong/OneDrive - Imperial College London/Project/Deployments/S20,IMG_2464.JPG,2022:05:02 20:52:56,2688,1512
C:/Users/Kong/OneDrive - Imperial College London/Project/Deployments/S20,IMG_2465.JPG,2022:05:02 20:53:00,2688,1512
C:/Users/Kong/OneDrive - Imperial College London/Project/Deployments/S20,IMG_2466.JPG,2022:05:02 20:53:00,2688,1512
C:/Users/Kong/OneDrive - Imperial College London/Project/Deployments/S20,IMG_2467.JPG,2022:05:02 20:53:02,2688,1512
C:/Users/Kong/OneDrive - Imperial College London/Project/Deployments/S20,IMG_2468.JPG,2022:05:02 21:16:30,2688,1512
C:/Users/Kong/OneDrive - Imperial College London/Project/Deployments/S20,IMG_2469.JPG,2022:05:02 21:16:31,2688,1512
C:/Users/Kong/OneDrive - Imperial College London/Project/Deployments/S20,IMG_2470.JPG,2022:05:02 21:16:32,2688,1512
C:/Users/Kong/OneDrive - Imperial College London/Project/Deployments/S21,IMG_0293.JPG,2022:04:22 12:15:30,2688,1512
C:/Users/Kong/OneDrive - Imperial College London/Project/Deployments/S21,IMG_0294.JPG,2022:04:22 12:15:33,2688,1512
C:/Users/Kong/OneDrive - Imperial College London/Project/Deployments/S21,IMG_0299.JPG,2022:04:22 12:15:37,2688,1512
C:/Users/Kong/OneDrive - Imperial College London/Project/Deployments/S21,IMG_0302.JPG,2022:04:22 12:15:40,2688,1512
C:/Users/Kong/OneDrive - Imperial College London/Project/Deployments/S21,IMG_0303.JPG,2022:04:22 12:15:46,2688,1512
C:/Users/Kong/OneDrive - Imperial College London/Project/Deployments/S21,IMG_0305.JPG,2022:04:22 12:15:47,2688,1512
C:/Users/Kong/OneDrive - Imperial College London/Project/Deployments/S21,IMG_0308.JPG,2022:04:22 12:15:50,2688,1512
C:/Users/Kong/OneDrive - Imperial College London/Project/Deployments/S21,IMG_0310.JPG,2022:04:22 12:15:52,2688,1512
C:/Users/Kong/OneDrive - Imperial College London/Project/Deployments/S21,IMG_0313.JPG,2022:04:22 12:15:58,2688,1512
C:/Users/Kong/OneDrive - Imperial College London/Project/Deployments/S21,IMG_0315.JPG,2022:04:22 12:16:00,2688,1512
C:/Users/Kong/OneDrive - Imperial College London/Project/Deployments/S21,IMG_6640.JPG,2022:04:29 03:47:20,2688,1512
C:/Users/Kong/OneDrive - Imperial College London/Project/Deployments/S21,IMG_6641.JPG,2022:04:29 03:47:21,2688,1512
C:/Users/Kong/OneDrive - Imperial College London/Project/Deployments/S22,IMG_0434.JPG,2022:04:22 12:58:08,2688,1512
C:/Users/Kong/OneDrive - Imperial College London/Project/Deployments/S22,IMG_0437.JPG,2022:04:22 12:58:11,2688,1512
C:/Users/Kong/OneDrive - Imperial College London/Project/Deployments/S22,IMG_0441.JPG,2022:04:22 12:58:14,2688,1512
C:/Users/Kong/OneDrive - Imperial College London/Project/Deployments/S22,IMG_0443.JPG,2022:04:22 12:58:16,2688,1512
C:/Users/Kong/OneDrive - Imperial College London/Project/Deployments/S22,IMG_0445.JPG,2022:04:22 12:58:18,2688,1512
C:/Users/Kong/OneDrive - Imperial College London/Project/Deployments/S22,IMG_0448.JPG,2022:04:22 12:58:21,2688,1512
C:/Users/Kong/OneDrive - Imperial College London/Project/Deployments/S22,IMG_0452.JPG,2022:04:22 12:59:06,2688,1512
C:/Users/Kong/OneDrive - Imperial College London/Project/Deployments/S22,IMG_1832.JPG,2022:05:05 22:19:51,2688,1512
C:/Users/Kong/OneDrive - Imperial College London/Project/Deployments/S22,IMG_1833.JPG,2022:05:05 22:19:52,2688,1512
C:/Users/Kong/OneDrive - Imperial College London/Project/Deployments/S22,IMG_1834.JPG,2022:05:05 22:19:53,2688,1512
C:/Users/Kong/OneDrive - Imperial College London/Project/Deployments/S22,IMG_1835.JPG,2022:05:05 22:20:01,2688,1512
C:/Users/Kong/OneDrive - Imperial College London/Project/Deployments/S22,IMG_1836.JPG,2022:05:05 22:20:02,2688,1512
C:/Users/Kong/OneDrive - Imperial College London/Project/Deployments/S22,IMG_1837.JPG,2022:05:05 22:20:03,2688,1512
C:/Users/Kong/OneDrive - Imperial College London/Project/Deployments/S22,IMG_1838.JPG,2022:05:05 22:20:05,2688,1512
C:/Users/Kong/OneDrive - Imperial College London/Project/Deployments/S22,IMG_1839.JPG,2022:05:05 22:20:06,2688,1512
C:/Users/Kong/OneDrive - Imperial College London/Project/Deployments/S22,IMG_1840.JPG,2022:05:05 22:20:08,2688,1512
C:/Users/Kong/OneDrive - Imperial College London/Project/Deployments/S22,IMG_1842.JPG,2022:05:05 22:20:10,2688,1512
C:/Users/Kong/OneDrive - Imperial College London/Project/Deployments/S23,IMG_0274.JPG,2022:04:22 13:26:23,2688,1512
C:/Users/Kong/OneDrive - Imperial College London/Project/Deployments/S23,IMG_0276.JPG,2022:04:22 13:26:26,2688,1512
C:/Users/Kong/OneDrive - Imperial College London/Project/Deployments/S23,IMG_0280.JPG,2022:04:22 13:26:30,2688,1512
C:/Users/Kong/OneDrive - Imperial College London/Project/Deployments/S23,IMG_0282.JPG,2022:04:22 13:26:33,2688,1512
C:/Users/Kong/OneDrive - Imperial College London/Project/Deployments/S23,IMG_0286.JPG,2022:04:22 13:26:38,2688,1512
C:/Users/Kong/OneDrive - Imperial College London/Project/Deployments/S23,IMG_0288.JPG,2022:04:22 13:26:39,2688,1512
C:/Users/Kong/OneDrive - Imperial College London/Project/Deployments/S23,IMG_0290.JPG,2022:04:22 13:26:43,2688,1512
C:/Users/Kong/OneDrive - Imperial College London/Project/Deployments/S23,IMG_0293.JPG,2022:04:22 13:26:46,2688,1512
C:/Users/Kong/OneDrive - Imperial College London/Project/Deployments/S23,IMG_0295.JPG,2022:04:22 13:26:49,2688,1512
C:/Users/Kong/OneDrive - Imperial College London/Project/Deployments/S23,IMG_0298.JPG,2022:04:22 13:26:52,2688,1512
C:/Users/Kong/OneDrive - Imperial College London/Project/Deployments/S23,IMG_0301.JPG,2022:04:22 13:26:57,2688,1512
C:/Users/Kong/OneDrive - Imperial College London/Project/Deployments/S23,IMG_0304.JPG,2022:04:22 13:27:00,2688,1512
C:/Users/Kong/OneDrive - Imperial College London/Project/Deployments/S23,IMG_0309.JPG,2022:04:22 13:27:04,2688,1512
C:/Users/Kong/OneDrive - Imperial College London/Project/Deployments/S23,IMG_0608.JPG,2022:04:26 02:50:51,2688,1512
C:/Users/Kong/OneDrive - Imperial College London/Project/Deployments/S23,IMG_0609.JPG,2022:04:26 02:50:51,2688,1512
C:/Users/Kong/OneDrive - Imperial College London/Project/Deployments/S23,IMG_0610.JPG,2022:04:26 02:50:52,2688,1512
C:/Users/Kong/OneDrive - Imperial College London/Project/Deployments/S23,IMG_0611.JPG,2022:04:26 02:50:52,2688,1512
C:/Users/Kong/OneDrive - Imperial College London/Project/Deployments/S23,IMG_0612.JPG,2022:04:26 02:50:53,2688,1512
C:/Users/Kong/OneDrive - Imperial College London/Project/Deployments/S23,IMG_0613.JPG,2022:04:26 02:50:53,2688,1512
C:/Users/Kong/OneDrive - Imperial College London/Project/Deployments/S23,IMG_0614.JPG,2022:04:26 02:50:54,2688,1512
C:/Users/Kong/OneDrive - Imperial College London/Project/Deployments/S23,IMG_0615.JPG,2022:04:26 02:50:54,2688,1512
C:/Users/Kong/OneDrive - Imperial College London/Project/Deployments/S23,IMG_0668.JPG,2022:04:27 00:20:37,2688,1512
C:/Users/Kong/OneDrive - Imperial College London/Project/Deployments/S23,IMG_0669.JPG,2022:04:27 00:20:38,2688,1512
C:/Users/Kong/OneDrive - Imperial College London/Project/Deployments/S23,IMG_0670.JPG,2022:04:27 00:20:38,2688,1512
C:/Users/Kong/OneDrive - Imperial College London/Project/Deployments/S23,IMG_0671.JPG,2022:04:27 00:20:39,2688,1512
C:/Users/Kong/OneDrive - Imperial College London/Project/Deployments/S23,IMG_0672.JPG,2022:04:27 00:20:40,2688,1512
C:/Users/Kong/OneDrive - Imperial College London/Project/Deployments/S23,IMG_0673.JPG,2022:04:27 00:20:41,2688,1512
C:/Users/Kong/OneDrive - Imperial College London/Project/Deployments/S23,IMG_0867.JPG,2022:05:02 01:31:04,2688,1512
C:/Users/Kong/OneDrive - Imperial College London/Project/Deployments/S23,IMG_0868.JPG,2022:05:02 01:31:05,2688,1512
C:/Users/Kong/OneDrive - Imperial College London/Project/Deployments/S23,IMG_0869.JPG,2022:05:02 01:31:05,2688,1512
C:/Users/Kong/OneDrive - Imperial College London/Project/Deployments/S23,IMG_0870.JPG,2022:05:02 01:31:05,2688,1512
C:/Users/Kong/OneDrive - Imperial College London/Project/Deployments/S23,IMG_0871.JPG,2022:05:02 01:31:06,2688,1512
C:/Users/Kong/OneDrive - Imperial College London/Project/Deployments/S24,IMG_0803.JPG,2022:04:22 11:29:29,2688,1512
C:/Users/Kong/OneDrive - Imperial College London/Project/Deployments/S24,IMG_0805.JPG,2022:04:22 11:29:34,2688,1512
C:/Users/Kong/OneDrive - Imperial College London/Project/Deployments/S24,IMG_0807.JPG,2022:04:22 11:29:38,2688,1512
C:/Users/Kong/OneDrive - Imperial College London/Project/Deployments/S24,IMG_0809.JPG,2022:04:22 11:29:39,2688,1512
C:/Users/Kong/OneDrive - Imperial College London/Project/Deployments/S24,IMG_0812.JPG,2022:04:22 11:29:44,2688,1512
C:/Users/Kong/OneDrive - Imperial College London/Project/Deployments/S24,IMG_0813.JPG,2022:04:22 11:29:49,2688,1512
C:/Users/Kong/OneDrive - Imperial College London/Project/Deployments/S24,IMG_0814.JPG,2022:04:22 11:29:54,2688,1512
C:/Users/Kong/OneDrive - Imperial College London/Project/Deployments/S24,IMG_2045.JPG,2022:05:06 03:00:31,2688,1512
C:/Users/Kong/OneDrive - Imperial College London/Project/Deployments/S24,IMG_2046.JPG,2022:05:06 03:00:32,2688,1512
C:/Users/Kong/OneDrive - Imperial College London/Project/Deployments/S24,IMG_2047.JPG,2022:05:06 03:00:32,2688,1512
C:/Users/Kong/OneDrive - Imperial College London/Project/Deployments/S25,IMG_0240.JPG,2022:04:22 13:29:13,2688,1512
C:/Users/Kong/OneDrive - Imperial College London/Project/Deployments/S25,IMG_0243.JPG,2022:04:22 13:29:15,2688,1512
C:/Users/Kong/OneDrive - Imperial College London/Project/Deployments/S25,IMG_2005.JPG,2022:05:12 00:53:24,2688,1512
C:/Users/Kong/OneDrive - Imperial College London/Project/Deployments/S25,IMG_2006.JPG,2022:05:12 00:53:25,2688,1512
C:/Users/Kong/OneDrive - Imperial College London/Project/Deployments/S25,IMG_2007.JPG,2022:05:12 00:53:25,2688,1512
C:/Users/Kong/OneDrive - Imperial College London/Project/Deployments/S25,IMG_2008.JPG,2022:05:12 00:53:26,2688,1512
C:/Users/Kong/OneDrive - Imperial College London/Project/Deployments/S26,IMG_0242.JPG,2022:04:22 13:39:09,2688,1512
C:/Users/Kong/OneDrive - Imperial College London/Project/Deployments/S26,IMG_0246.JPG,2022:04:22 13:39:12,2688,1512
C:/Users/Kong/OneDrive - Imperial College London/Project/Deployments/S26,IMG_2310.JPG,2022:05:13 00:51:21,2688,1512
C:/Users/Kong/OneDrive - Imperial College London/Project/Deployments/S26,IMG_2311.JPG,2022:05:13 00:51:22,2688,1512
C:/Users/Kong/OneDrive - Imperial College London/Project/Deployments/S26,IMG_2312.JPG,2022:05:13 00:51:22,2688,1512
C:/Users/Kong/OneDrive - Imperial College London/Project/Deployments/S26,IMG_2313.JPG,2022:05:13 00:51:23,2688,1512
C:/Users/Kong/OneDrive - Imperial College London/Project/Deployments/S26,IMG_2314.JPG,2022:05:13 00:51:24,2688,1512
C:/Users/Kong/OneDrive - Imperial College London/Project/Deployments/S26,IMG_2315.JPG,2022:05:13 00:51:27,2688,1512
C:/Users/Kong/OneDrive - Imperial College London/Project/Deployments/S27,IMG_0222.JPG,2022:04:22 12:41:23,2688,1512
C:/Users/Kong/OneDrive - Imperial College London/Project/Deployments/S27,IMG_0226.JPG,2022:04:22 12:41:27,2688,1512
C:/Users/Kong/OneDrive - Imperial College London/Project/Deployments/S27,IMG_0229.JPG,2022:04:22 12:41:44,2688,1512
C:/Users/Kong/OneDrive - Imperial College London/Project/Deployments/S27,IMG_0233.JPG,2022:04:22 12:41:51,2688,1512
C:/Users/Kong/OneDrive - Imperial College London/Project/Deployments/S27,IMG_0236.JPG,2022:04:22 12:41:55,2688,1512
C:/Users/Kong/OneDrive - Imperial College London/Project/Deployments/S27,IMG_0239.JPG,2022:04:22 12:42:15,2688,1512
C:/Users/Kong/OneDrive - Imperial College London/Project/Deployments/S27,IMG_0240.JPG,2022:04:22 12:42:20,2688,1512
C:/Users/Kong/OneDrive - Imperial College London/Project/Deployments/S27,IMG_0241.JPG,2022:04:22 12:42:25,2688,1512
C:/Users/Kong/OneDrive - Imperial College London/Project/Deployments/S27,IMG_0326.JPG,2022:04:22 23:52:31,2688,1512
C:/Users/Kong/OneDrive - Imperial College London/Project/Deployments/S27,IMG_0328.JPG,2022:04:22 23:52:33,2688,1512
C:/Users/Kong/OneDrive - Imperial College London/Project/Deployments/S27,IMG_0329.JPG,2022:04:22 23:52:35,2688,1512
C:/Users/Kong/OneDrive - Imperial College London/Project/Deployments/S27,IMG_0606.JPG,2022:04:25 22:08:05,2688,1512
C:/Users/Kong/OneDrive - Imperial College London/Project/Deployments/S27,IMG_0607.JPG,2022:04:25 22:08:06,2688,1512
C:/Users/Kong/OneDrive - Imperial College London/Project/Deployments/S27,IMG_0608.JPG,2022:04:25 22:08:07,2688,1512
C:/Users/Kong/OneDrive - Imperial College London/Project/Deployments/S27,IMG_0609.JPG,2022:04:25 22:08:09,2688,1512
C:/Users/Kong/OneDrive - Imperial College London/Project/Deployments/S27,IMG_0610.JPG,2022:04:25 22:08:11,2688,1512
C:/Users/Kong/OneDrive - Imperial College London/Project/Deployments/S27,IMG_0611.JPG,2022:04:25 22:08:12,2688,1512
C:/Users/Kong/OneDrive - Imperial College London/Project/Deployments/S27,IMG_0612.JPG,2022:04:25 22:08:14,2688,1512
C:/Users/Kong/OneDrive - Imperial College London/Project/Deployments/S27,IMG_0613.JPG,2022:04:25 22:08:14,2688,1512
C:/Users/Kong/OneDrive - Imperial College London/Project/Deployments/S27,IMG_0820.JPG,2022:04:27 21:38:56,2688,1512
C:/Users/Kong/OneDrive - Imperial College London/Project/Deployments/S27,IMG_2185.JPG,2022:05:04 21:54:46,2688,1512
C:/Users/Kong/OneDrive - Imperial College London/Project/Deployments/S27,IMG_2186.JPG,2022:05:04 21:54:47,2688,1512
C:/Users/Kong/OneDrive - Imperial College London/Project/Deployments/S27,IMG_2187.JPG,2022:05:04 21:54:48,2688,1512
C:/Users/Kong/OneDrive - Imperial College London/Project/Deployments/S27,IMG_2188.JPG,2022:05:04 21:54:48,2688,1512
C:/Users/Kong/OneDrive - Imperial College London/Project/Deployments/S27,IMG_2189.JPG,2022:05:04 21:54:49,2688,1512
C:/Users/Kong/OneDrive - Imperial College London/Project/Deployments/S28,IMG_0192.JPG,2022:04:22 12:27:17,2688,1512
C:/Users/Kong/OneDrive - Imperial College London/Project/Deployments/S28,IMG_0195.JPG,2022:04:22 12:27:20,2688,1512
C:/Users/Kong/OneDrive - Imperial College London/Project/Deployments/S28,IMG_0548.JPG,2022:04:26 00:40:00,2688,1512
C:/Users/Kong/OneDrive - Imperial College London/Project/Deployments/S28,IMG_0549.JPG,2022:04:26 00:40:00,2688,1512
C:/Users/Kong/OneDrive - Imperial College London/Project/Deployments/S28,IMG_0550.JPG,2022:04:26 00:40:01,2688,1512
C:/Users/Kong/OneDrive - Imperial College London/Project/Deployments/S28,IMG_0551.JPG,2022:04:26 00:40:01,2688,1512
C:/Users/Kong/OneDrive - Imperial College London/Project/Deployments/S28,IMG_0552.JPG,2022:04:26 00:40:02,2688,1512
C:/Users/Kong/OneDrive - Imperial College London/Project/Deployments/S28,IMG_0553.JPG,2022:04:26 00:40:02,2688,1512
C:/Users/Kong/OneDrive - Imperial College London/Project/Deployments/S28,IMG_0554.JPG,2022:04:26 00:40:03,2688,1512
C:/Users/Kong/OneDrive - Imperial College London/Project/Deployments/S28,IMG_0555.JPG,2022:04:26 00:40:04,2688,1512
C:/Users/Kong/OneDrive - Imperial College London/Project/Deployments/S28,IMG_1597.JPG,2022:05:05 00:44:59,2688,1512
C:/Users/Kong/OneDrive - Imperial College London/Project/Deployments/S28,IMG_1598.JPG,2022:05:05 00:45:00,2688,1512
C:/Users/Kong/OneDrive - Imperial College London/Project/Deployments/S28,IMG_1599.JPG,2022:05:05 00:45:00,2688,1512
C:/Users/Kong/OneDrive - Imperial College London/Project/Deployments/S28,IMG_1600.JPG,2022:05:05 00:45:06,2688,1512
C:/Users/Kong/OneDrive - Imperial College London/Project/Deployments/S28,IMG_1601.JPG,2022:05:05 00:45:06,2688,1512
C:/Users/Kong/OneDrive - Imperial College London/Project/Deployments/S28,IMG_1602.JPG,2022:05:05 00:45:07,2688,1512
C:/Users/Kong/OneDrive - Imperial College London/Project/Deployments/S28,IMG_1603.JPG,2022:05:05 00:45:08,2688,1512
C:/Users/Kong/OneDrive - Imperial College London/Project/Deployments/S28,IMG_1604.JPG,2022:05:05 00:45:10,2688,1512
C:/Users/Kong/OneDrive - Imperial College London/Project/Deployments/S28,IMG_1605.JPG,2022:05:05 00:45:12,2688,1512
C:/Users/Kong/OneDrive - Imperial College London/Project/Deployments/S28,IMG_1606.JPG,2022:05:05 00:45:13,2688,1512
C:/Users/Kong/OneDrive - Imperial College London/Project/Deployments/S28,IMG_1607.JPG,2022:05:05 00:45:15,2688,1512
C:/Users/Kong/OneDrive - Imperial College London/Project/Deployments/S28,IMG_1608.JPG,2022:05:05 00:45:16,2688,1512
C:/Users/Kong/OneDrive - Imperial College London/Project/Deployments/S28,IMG_6206.JPG,2022:05:15 01:27:27,2688,1512
C:/Users/Kong/OneDrive - Imperial College London/Project/Deployments/S28,IMG_6207.JPG,2022:05:15 01:27:28,2688,1512
C:/Users/Kong/OneDrive - Imperial College London/Project/Deployments/S28,IMG_6208.JPG,2022:05:15 01:27:29,2688,1512
C:/Users/Kong/OneDrive - Imperial College London/Project/Deployments/S29,IMG_0252.JPG,2022:04:22 12:48:14,2688,1512
C:/Users/Kong/OneDrive - Imperial College London/Project/Deployments/S29,IMG_0344.JPG,2022:04:27 20:57:43,2688,1512
C:/Users/Kong/OneDrive - Imperial College London/Project/Deployments/S29,IMG_0345.JPG,2022:04:27 20:57:44,2688,1512
C:/Users/Kong/OneDrive - Imperial College London/Project/Deployments/S29,IMG_0346.JPG,2022:04:27 20:57:45,2688,1512
C:/Users/Kong/OneDrive - Imperial College London/Project/Deployments/S30,IMG_0392.JPG,2017:01:02 21:52:46,2736,1520
C:/Users/Kong/OneDrive - Imperial College London/Project/Deployments/S30,IMG_0399.JPG,2017:01:02 21:53:00,2736,1520
C:/Users/Kong/OneDrive - Imperial College London/Project/Deployments/S30,IMG_0400.JPG,2017:01:02 21:53:01,2736,1520
C:/Users/Kong/OneDrive - Imperial College London/Project/Deployments/S30,IMG_0402.JPG,2017:01:02 21:53:05,2736,1520
C:/Users/Kong/OneDrive - Imperial College London/Project/Deployments/S30,IMG_0404.JPG,2017:01:02 21:53:17,2736,1520
C:/Users/Kong/OneDrive - Imperial College London/Project/Deployments/S30,IMG_2174.JPG,2017:01:27 09:13:14,2736,1520
C:/Users/Kong/OneDrive - Imperial College London/Project/Deployments/S30,IMG_2175.JPG,2017:01:27 09:13:15,2736,1520
C:/Users/Kong/OneDrive - Imperial College London/Project/Deployments/S30,IMG_2176.JPG,2017:01:27 09:13:16,2736,1520
C:/Users/Kong/OneDrive - Imperial College London/Project/Deployments/S30,IMG_2177.JPG,2017:01:27 09:13:17,2736,1520
C:/Users/Kong/OneDrive - Imperial College London/Project/Deployments/S30,IMG_2178.JPG,2017:01:27 09:13:18,2736,1520
C:/Users/Kong/OneDrive - Imperial College London/Project/Deployments/S30,IMG_2179.JPG,2017:01:27 11:30:38,2736,1520
C:/Users/Kong/OneDrive - Imperial College London/Project/Deployments/S30,IMG_2180.JPG,2017:01:27 11:30:39,2736,1520
C:/Users/Kong/OneDrive - Imperial College London/Project/Deployments/S30,IMG_2181.JPG,2017:01:27 11:30:44,2736,1520
C:/Users/Kong/OneDrive - Imperial College London/Project/Deployments/S30,IMG_2182.JPG,2017:01:27 11:30:45,2736,1520
C:/Users/Kong/OneDrive - Imperial College London/Project/Deployments/S30,IMG_2183.JPG,2017:01:27 11:30:49,2736,1520
C:/Users/Kong/OneDrive - Imperial College London/Project/Deployments/S30,IMG_2184.JPG,2017:01:27 11:30:53,2736,1520
C:/Users/Kong/OneDrive - Imperial College London/Project/Deployments/S30,IMG_2185.JPG,2017:01:27 11:30:56,2736,1520
C:/Users/Kong/OneDrive - Imperial College London/Project/Deployments/S30,IMG_2186.JPG,2017:01:27 11:31:00,2736,1520
C:/Users/Kong/OneDrive - Imperial College London/Project/Deployments/S30,IMG_2187.JPG,2017:01:27 11:31:01,2736,1520
C:/Users/Kong/OneDrive - Imperial College London/Project/Deployments/S30,IMG_2188.JPG,2017:01:27 11:31:02,2736,1520
C:/Users/Kong/OneDrive - Imperial College London/Project/Deployments/S30,IMG_2189.JPG,2017:01:27 11:31:12,2736,1520
C:/Users/Kong/OneDrive - Imperial College London/Project/Deployments/S30,IMG_2190.JPG,2017:01:27 11:31:12,2736,1520
C:/Users/Kong/OneDrive - Imperial College London/Project/Deployments/S30,IMG_2505.JPG,2017:01:31 10:44:47,2736,1520
C:/Users/Kong/OneDrive - Imperial College London/Project/Deployments/S30,IMG_2506.JPG,2017:01:31 10:44:48,2736,1520
C:/Users/Kong/OneDrive - Imperial College London/Project/Deployments/S30,IMG_2507.JPG,2017:01:31 10:44:48,2736,1520
C:/Users/Kong/OneDrive - Imperial College London/Project/Deployments/S30,IMG_2508.JPG,2017:01:31 10:44:53,2736,1520
C:/Users/Kong/OneDrive - Imperial College London/Project/Deployments/S30,IMG_2509.JPG,2017:01:31 10:44:54,2736,1520
C:/Users/Kong/OneDrive - Imperial College London/Project/Deployments/S30,IMG_2510.JPG,2017:01:31 10:45:06,2736,1520
C:/Users/Kong/OneDrive - Imperial College London/Project/Deployments/S30,IMG_2511.JPG,2017:01:31 10:45:07,2736,1520
C:/Users/Kong/OneDrive - Imperial College London/Project/Deployments/S30,IMG_2512.JPG,2017:01:31 10:45:11,2736,1520
C:/Users/Kong/OneDrive - Imperial College London/Project/Deployments/S30,IMG_2513.JPG,2017:01:31 10:45:15,2736,1520
C:/Users/Kong/OneDrive - Imperial College London/Project/Deployments/S30,IMG_2514.JPG,2017:01:31 10:45:16,2736,1520
C:/Users/Kong/OneDrive - Imperial College London/Project/Deployments/S31,IMG_0207.JPG,2017:01:02 19:43:35,2736,1520
C:/Users/Kong/OneDrive - Imperial College London/Project/Deployments/S31,IMG_0216.JPG,2017:01:02 19:44:02,2736,1520
C:/Users/Kong/OneDrive - Imperial College London/Project/Deployments/S31,IMG_0219.JPG,2017:01:02 19:44:08,2736,1520
C:/Users/Kong/OneDrive - Imperial College London/Project/Deployments/S31,IMG_0224.JPG,2017:01:02 19:44:36,2736,1520
C:/Users/Kong/OneDrive - Imperial College London/Project/Deployments/S31,IMG_0227.JPG,2017:01:02 19:44:42,2736,1520
C:/Users/Kong/OneDrive - Imperial College London/Project/Deployments/S31,IMG_0229.JPG,2017:01:02 19:44:44,2736,1520
C:/Users/Kong/OneDrive - Imperial College London/Project/Deployments/S31,IMG_0235.JPG,2017:01:02 19:45:53,2736,1520
C:/Users/Kong/OneDrive - Imperial College London/Project/Deployments/S31,IMG_2881.JPG,2017:01:12 10:08:59,2736,1520
C:/Users/Kong/OneDrive - Imperial College London/Project/Deployments/S31,IMG_2882.JPG,2017:01:12 10:09:00,2736,1520
C:/Users/Kong/OneDrive - Imperial College London/Project/Deployments/S31,IMG_2883.JPG,2017:01:12 10:09:01,2736,1520
C:/Users/Kong/OneDrive - Imperial College London/Project/Deployments/S31,IMG_2884.JPG,2017:01:12 10:09:01,2736,1520
C:/Users/Kong/OneDrive - Imperial College London/Project/Deployments/S31,IMG_4375.JPG,2017:01:19 07:13:10,2736,1520
C:/Users/Kong/OneDrive - Imperial College London/Project/Deployments/S31,IMG_4376.JPG,2017:01:19 07:13:11,2736,1520
C:/Users/Kong/OneDrive - Imperial College London/Project/Deployments/S32,IMG_0306.JPG,2022:04:22 12:49:22,2688,1512
C:/Users/Kong/OneDrive - Imperial College London/Project/Deployments/S32,IMG_0318.JPG,2022:04:22 12:49:34,2688,1512
C:/Users/Kong/OneDrive - Imperial College London/Project/Deployments/S32,IMG_0323.JPG,2022:04:22 12:49:45,2688,1512
C:/Users/Kong/OneDrive - Imperial College London/Project/Deployments/S32,IMG_0405.JPG,2022:05:01 02:27:04,2688,1512
C:/Users/Kong/OneDrive - Imperial College London/Project/Deployments/S32,IMG_0406.JPG,2022:05:01 02:27:06,2688,1512
C:/Users/Kong/OneDrive - Imperial College London/Project/Deployments/S32,IMG_0408.JPG,2022:05:01 02:27:12,2688,1512
C:/Users/Kong/OneDrive - Imperial College London/Project/Deployments/S32,IMG_0409.JPG,2022:05:01 02:27:19,2688,1512
C:/Users/Kong/OneDrive - Imperial College London/Project/Deployments/S32,IMG_0410.JPG,2022:05:01 02:27:20,2688,1512
C:/Users/Kong/OneDrive - Imperial College London/Project/Deployments/S32,IMG_0411.JPG,2022:05:01 02:27:22,2688,1512
C:/Users/Kong/OneDrive - Imperial College London/Project/Deployments/S33,IMG_0134.JPG,2022:04:22 12:48:09,2688,1512
C:/Users/Kong/OneDrive - Imperial College London/Project/Deployments/S33,IMG_0136.JPG,2022:04:22 12:48:11,2688,1512
C:/Users/Kong/OneDrive - Imperial College London/Project/Deployments/S33,IMG_0140.JPG,2022:04:22 12:48:17,2688,1512
C:/Users/Kong/OneDrive - Imperial College London/Project/Deployments/S33,IMG_0144.JPG,2022:04:22 12:48:24,2688,1512
C:/Users/Kong/OneDrive - Imperial College London/Project/Deployments/S33,IMG_0147.JPG,2022:04:22 12:48:29,2688,1512
C:/Users/Kong/OneDrive - Imperial College London/Project/Deployments/S33,IMG_1235.JPG,2022:05:05 21:08:42,2688,1512
C:/Users/Kong/OneDrive - Imperial College London/Project/Deployments/S33,IMG_2969.JPG,2022:05:08 21:15:40,2688,1512
C:/Users/Kong/OneDrive - Imperial College London/Project/Deployments/S33,IMG_2970.JPG,2022:05:08 21:15:40,2688,1512
C:/Users/Kong/OneDrive - Imperial College London/Project/Deployments/S34,IMG_0133.JPG,2022:04:22 12:53:00,2688,1512
C:/Users/Kong/OneDrive - Imperial College London/Project/Deployments/S34,IMG_0138.JPG,2022:04:22 12:53:02,2688,1512
C:/Users/Kong/OneDrive - Imperial College London/Project/Deployments/S34,IMG_0145.JPG,2022:04:22 12:53:22,2688,1512
C:/Users/Kong/OneDrive - Imperial College London/Project/Deployments/S34,IMG_0151.JPG,2022:04:22 12:53:28,2688,1512
C:/Users/Kong/OneDrive - Imperial College London/Project/Deployments/S34,IMG_0157.JPG,2022:04:22 12:53:42,2688,1512
C:/Users/Kong/OneDrive - Imperial College London/Project/Deployments/S34,IMG_0161.JPG,2022:04:22 12:53:47,2688,1512
C:/Users/Kong/OneDrive - Imperial College London/Project/Deployments/S34,IMG_0163.JPG,2022:04:22 12:53:49,2688,1512
C:/Users/Kong/OneDrive - Imperial College London/Project/Deployments/S34,IMG_0168.JPG,2022:04:22 12:53:54,2688,1512
C:/Users/Kong/OneDrive - Imperial College London/Project/Deployments/S34,IMG_0176.JPG,2022:04:22 12:54:05,2688,1512
C:/Users/Kong/OneDrive - Imperial College London/Project/Deployments/S34,IMG_0178.JPG,2022:04:22 12:54:08,2688,1512
C:/Users/Kong/OneDrive - Imperial College London/Project/Deployments/S34,IMG_0182.JPG,2022:04:22 12:54:11,2688,1512
C:/Users/Kong/OneDrive - Imperial College London/Project/Deployments/S34,IMG_0184.JPG,2022:04:22 12:54:14,2688,1512
C:/Users/Kong/OneDrive - Imperial College London/Project/Deployments/S34,IMG_0191.JPG,2022:04:22 12:54:31,2688,1512
C:/Users/Kong/OneDrive - Imperial College London/Project/Deployments/S34,IMG_1809.JPG,2022:05:10 23:38:42,2688,1512
C:/Users/Kong/OneDrive - Imperial College London/Project/Deployments/S34,IMG_1810.JPG,2022:05:10 23:38:42,2688,1512
C:/Users/Kong/OneDrive - Imperial College London/Project/Deployments/S35,IMG_0148.JPG,2022:04:22 12:46:43,2688,1512
C:/Users/Kong/OneDrive - Imperial College London/Project/Deployments/S35,IMG_0151.JPG,2022:04:22 12:46:45,2688,1512
C:/Users/Kong/OneDrive - Imperial College London/Project/Deployments/S35,IMG_0152.JPG,2022:04:22 12:46:48,2688,1512
C:/Users/Kong/OneDrive - Imperial College London/Project/Deployments/S35,IMG_0156.JPG,2022:04:22 12:47:03,2688,1512
C:/Users/Kong/OneDrive - Imperial College London/Project/Deployments/S35,IMG_0159.JPG,2022:04:22 12:47:05,2688,1512
C:/Users/Kong/OneDrive - Imperial College London/Project/Deployments/S35,IMG_0162.JPG,2022:04:22 12:47:09,2688,1512
C:/Users/Kong/OneDrive - Imperial College London/Project/Deployments/S35,IMG_0164.JPG,2022:04:22 12:47:12,2688,1512
C:/Users/Kong/OneDrive - Imperial College London/Project/Deployments/S35,IMG_0166.JPG,2022:04:22 12:47:20,2688,1512
C:/Users/Kong/OneDrive - Imperial College London/Project/Deployments/S35,IMG_0172.JPG,2022:04:22 12:47:27,2688,1512
C:/Users/Kong/OneDrive - Imperial College London/Project/Deployments/S35,IMG_0349.JPG,2022:04:24 21:16:55,2688,1512
C:/Users/Kong/OneDrive - Imperial College London/Project/Deployments/S35,IMG_0350.JPG,2022:04:24 21:16:59,2688,1512
C:/Users/Kong/OneDrive - Imperial College London/Project/Deployments/S35,IMG_2355.JPG,2022:05:15 23:17:50,2688,1512
C:/Users/Kong/OneDrive - Imperial College London/Project/Deployments/S35,IMG_2356.JPG,2022:05:15 23:18:27,2688,1512
C:/Users/Kong/OneDrive - Imperial College London/Project/Deployments/S36,IMG_0208.JPG,2022:04:22 12:04:48,2688,1512
C:/Users/Kong/OneDrive - Imperial College London/Project/Deployments/S36,IMG_0211.JPG,2022:04:22 12:04:52,2688,1512
C:/Users/Kong/OneDrive - Imperial College London/Project/Deployments/S36,IMG_0217.JPG,2022:04:22 12:04:58,2688,1512
C:/Users/Kong/OneDrive - Imperial College London/Project/Deployments/S36,IMG_1317.JPG,2022:05:08 01:35:56,2688,1512
C:/Users/Kong/OneDrive - Imperial College London/Project/Deployments/S36,IMG_1318.JPG,2022:05:08 01:35:57,2688,1512
C:/Users/Kong/OneDrive - Imperial College London/Project/Deployments/S37,IMG_0182.JPG,2021:04:22 12:34:03,2688,1512
C:/Users/Kong/OneDrive - Imperial College London/Project/Deployments/S37,IMG_0191.JPG,2021:04:22 12:34:09,2688,1512
C:/Users/Kong/OneDrive - Imperial College London/Project/Deployments/S37,IMG_0195.JPG,2021:04:22 12:34:14,2688,1512
C:/Users/Kong/OneDrive - Imperial College London/Project/Deployments/S37,IMG_0314.JPG,2021:04:23 00:19:59,2688,1512
C:/Users/Kong/OneDrive - Imperial College London/Project/Deployments/S37,IMG_0315.JPG,2021:04:23 00:20:00,2688,1512
C:/Users/Kong/OneDrive - Imperial College London/Project/Deployments/S37,IMG_1382.JPG,2021:04:25 22:39:37,2688,1512
C:/Users/Kong/OneDrive - Imperial College London/Project/Deployments/S37,IMG_1383.JPG,2021:04:25 22:39:38,2688,1512
C:/Users/Kong/OneDrive - Imperial College London/Project/Deployments/S37,IMG_1384.JPG,2021:04:25 22:39:38,2688,1512
C:/Users/Kong/OneDrive - Imperial College London/Project/Deployments/S37,IMG_1391.JPG,2021:04:25 23:19:07,2688,1512
C:/Users/Kong/OneDrive - Imperial College London/Project/Deployments/S37,IMG_1392.JPG,2021:04:25 23:19:08,2688,1512
C:/Users/Kong/OneDrive - Imperial College London/Project/Deployments/S37,IMG_1393.JPG,2021:04:25 23:19:09,2688,1512
C:/Users/Kong/OneDrive - Imperial College London/Project/Deployments/S37,IMG_1394.JPG,2021:04:25 23:19:10,2688,1512
C:/Users/Kong/OneDrive - Imperial College London/Project/Deployments/S37,IMG_1395.JPG,2021:04:25 23:19:13,2688,1512
C:/Users/Kong/OneDrive - Imperial College London/Project/Deployments/S37,IMG_1398.JPG,2021:04:25 23:19:19,2688,1512
C:/Users/Kong/OneDrive - Imperial College London/Project/Deployments/S37,IMG_1399.JPG,2021:04:25 23:19:20,2688,1512
C:/Users/Kong/OneDrive - Imperial College London/Project/Deployments/S37,IMG_1400.JPG,2021:04:25 23:19:24,2688,1512
C:/Users/Kong/OneDrive - Imperial College London/Project/Deployments/S37,IMG_1401.JPG,2021:04:25 23:19:25,2688,1512
C:/Users/Kong/OneDrive - Imperial College London/Project/Deployments/S37,IMG_1402.JPG,2021:04:25 23:19:25,2688,1512
C:/Users/Kong/OneDrive - Imperial College London/Project/Deployments/S37,IMG_1403.JPG,2021:04:25 23:19:26,2688,1512
C:/Users/Kong/OneDrive - Imperial College London/Project/Deployments/S37,IMG_1404.JPG,2021:04:25 23:19:27,2688,1512
C:/Users/Kong/OneDrive - Imperial College London/Project/Deployments/S37,IMG_1405.JPG,2021:04:25 23:19:35,2688,1512
C:/Users/Kong/OneDrive - Imperial College London/Project/Deployments/S37,IMG_1419.JPG,2021:04:26 03:29:03,2688,1512
C:/Users/Kong/OneDrive - Imperial College London/Project/Deployments/S37,IMG_1421.JPG,2021:04:26 03:29:04,2688,1512
C:/Users/Kong/OneDrive - Imperial College London/Project/Deployments/S37,IMG_1422.JPG,2021:04:26 03:29:05,2688,1512
C:/Users/Kong/OneDrive - Imperial College London/Project/Deployments/S37,IMG_1423.JPG,2021:04:26 03:29:05,2688,1512
C:/Users/Kong/OneDrive - Imperial College London/Project/Deployments/S37,IMG_1424.JPG,2021:04:26 03:29:06,2688,1512
C:/Users/Kong/OneDrive - Imperial College London/Project/Deployments/S37,IMG_1425.JPG,2021:04:26 03:29:06,2688,1512
C:/Users/Kong/OneDrive - Imperial College London/Project/Deployments/S37,IMG_2176.JPG,2021:04:29 03:07:20,2688,1512
C:/Users/Kong/OneDrive - Imperial College London/Project/Deployments/S37,IMG_2177.JPG,2021:04:29 03:07:20,2688,1512
C:/Users/Kong/OneDrive - Imperial College London/Project/Deployments/S37,IMG_2179.JPG,2021:04:29 03:07:22,2688,1512
C:/Users/Kong/OneDrive - Imperial College London/Project/Deployments/S37,IMG_2183.JPG,2021:04:29 03:20:55,2688,1512
C:/Users/Kong/OneDrive - Imperial College London/Project/Deployments/S37,IMG_2185.JPG,2021:04:29 03:20:57,2688,1512
C:/Users/Kong/OneDrive - Imperial College London/Project/Deployments/S37,IMG_2186.JPG,2021:04:29 03:20:59,2688,1512
C:/Users/Kong/OneDrive - Imperial College London/Project/Deployments/S37,IMG_2187.JPG,2021:04:29 03:21:00,2688,1512
C:/Users/Kong/OneDrive - Imperial College London/Project/Deployments/S37,IMG_2191.JPG,2021:04:29 03:46:29,2688,1512
C:/Users/Kong/OneDrive - Imperial College London/Project/Deployments/S37,IMG_2192.JPG,2021:04:29 03:46:29,2688,1512
C:/Users/Kong/OneDrive - Imperial College London/Project/Deployments/S37,IMG_2193.JPG,2021:04:29 03:46:31,2688,1512
C:/Users/Kong/OneDrive - Imperial College London/Project/Deployments/S37,IMG_2194.JPG,2021:04:29 03:46:34,2688,1512
C:/Users/Kong/OneDrive - Imperial College London/Project/Deployments/S37,IMG_2195.JPG,2021:04:29 03:46:35,2688,1512
C:/Users/Kong/OneDrive - Imperial College London/Project/Deployments/S37,IMG_2196.JPG,2021:04:29 03:46:37,2688,1512
C:/Users/Kong/OneDrive - Imperial College London/Project/Deployments/S37,IMG_2199.JPG,2021:04:29 03:46:46,2688,1512
C:/Users/Kong/OneDrive - Imperial College London/Project/Deployments/S37,IMG_2200.JPG,2021:04:29 03:46:47,2688,1512
C:/Users/Kong/OneDrive - Imperial College London/Project/Deployments/S37,IMG_5713.JPG,2021:05:09 03:14:02,2688,1512
C:/Users/Kong/OneDrive - Imperial College London/Project/Deployments/S37,IMG_5714.JPG,2021:05:09 03:14:04,2688,1512
C:/Users/Kong/OneDrive - Imperial College London/Project/Deployments/S37,IMG_5715.JPG,2021:05:09 03:14:04,2688,1512
C:/Users/Kong/OneDrive - Imperial College London/Project/Deployments/S37,IMG_5716.JPG,2021:05:09 03:14:05,2688,1512
C:/Users/Kong/OneDrive - Imperial College London/Project/Deployments/S37,IMG_5717.JPG,2021:05:09 03:41:52,2688,1512
C:/Users/Kong/OneDrive - Imperial College London/Project/Deployments/S37,IMG_5718.JPG,2021:05:09 03:41:53,2688,1512
C:/Users/Kong/OneDrive - Imperial College London/Project/Deployments/S37,IMG_5719.JPG,2021:05:09 03:41:56,2688,1512
C:/Users/Kong/OneDrive - Imperial College London/Project/Deployments/S37,IMG_5783.JPG,2021:05:10 01:12:08,2688,1512
C:/Users/Kong/OneDrive - Imperial College London/Project/Deployments/S37,IMG_5784.JPG,2021:05:10 01:12:09,2688,1512
C:/Users/Kong/OneDrive - Imperial College London/Project/Deployments/S37,IMG_5785.JPG,2021:05:10 01:12:10,2688,1512
C:/Users/Kong/OneDrive - Imperial College London/Project/Deployments/S37,IMG_5786.JPG,2021:05:10 01:12:10,2688,1512
C:/Users/Kong/OneDrive - Imperial College London/Project/Deployments/S37,IMG_9315.JPG,2021:05:20 23:52:38,2688,1512
C:/Users/Kong/OneDrive - Imperial College London/Project/Deployments/S37,IMG_9316.JPG,2021:05:20 23:52:39,2688,1512
C:/Users/Kong/OneDrive - Imperial College London/Project/Deployments/S37,IMG_9317.JPG,2021:05:20 23:52:40,2688,1512
C:/Users/Kong/OneDrive - Imperial College London/Project/Deployments/S38,IMG_0198.JPG,2022:04:22 11:47:08,2688,1512
C:/Users/Kong/OneDrive - Imperial College London/Project/Deployments/S38,IMG_0200.JPG,2022:04:22 11:47:14,2688,1512
C:/Users/Kong/OneDrive - Imperial College London/Project/Deployments/S38,IMG_0211.JPG,2022:04:22 11:47:29,2688,1512
C:/Users/Kong/OneDrive - Imperial College London/Project/Deployments/S38,IMG_0213.JPG,2022:04:22 11:47:33,2688,1512
C:/Users/Kong/OneDrive - Imperial College London/Project/Deployments/S38,IMG_0227.JPG,2022:04:22 11:47:48,2688,1512
C:/Users/Kong/OneDrive - Imperial College London/Project/Deployments/S38,IMG_0232.JPG,2022:04:22 11:47:54,2688,1512
C:/Users/Kong/OneDrive - Imperial College London/Project/Deployments/S38,IMG_0234.JPG,2022:04:22 11:48:02,2688,1512
C:/Users/Kong/OneDrive - Imperial College London/Project/Deployments/S38,IMG_1027.JPG,2022:04:23 23:12:32,2688,1512
C:/Users/Kong/OneDrive - Imperial College London/Project/Deployments/S38,IMG_1028.JPG,2022:04:23 23:12:34,2688,1512
C:/Users/Kong/OneDrive - Imperial College London/Project/Deployments/S38,IMG_1029.JPG,2022:04:23 23:12:35,2688,1512
C:/Users/Kong/OneDrive - Imperial College London/Project/Deployments/S38,IMG_2064.JPG,2022:04:26 22:24:46,2688,1512
C:/Users/Kong/OneDrive - Imperial College London/Project/Deployments/S38,IMG_2065.JPG,2022:04:26 22:24:47,2688,1512
C:/Users/Kong/OneDrive - Imperial College London/Project/Deployments/S38,IMG_2066.JPG,2022:04:26 22:24:48,2688,1512
C:/Users/Kong/OneDrive - Imperial College London/Project/Deployments/S38,IMG_4478.JPG,2022:05:06 02:35:19,2688,1512
C:/Users/Kong/OneDrive - Imperial College London/Project/Deployments/S38,IMG_4479.JPG,2022:05:06 02:35:19,2688,1512
C:/Users/Kong/OneDrive - Imperial College London/Project/Deployments/S38,IMG_4480.JPG,2022:05:06 02:35:20,2688,1512
C:/Users/Kong/OneDrive - Imperial College London/Project/Deployments/S38,IMG_4918.JPG,2022:05:07 02:58:45,2688,1512
C:/Users/Kong/OneDrive - Imperial College London/Project/Deployments/S38,IMG_4919.JPG,2022:05:07 02:58:46,2688,1512
C:/Users/Kong/OneDrive - Imperial College London/Project/Deployments/S38,IMG_4920.JPG,2022:05:07 02:58:47,2688,1512
C:/Users/Kong/OneDrive - Imperial College London/Project/Deployments/S38,IMG_5739.JPG,2022:05:08 21:40:57,2688,1512
C:/Users/Kong/OneDrive - Imperial College London/Project/Deployments/S38,IMG_5740.JPG,2022:05:08 21:40:59,2688,1512
C:/Users/Kong/OneDrive - Imperial College London/Project/Deployments/S38,IMG_5741.JPG,2022:05:08 21:41:00,2688,1512
C:/Users/Kong/OneDrive - Imperial College London/Project/Deployments/S39,IMG_0232.JPG,2022:04:22 11:58:43,2688,1512
C:/Users/Kong/OneDrive - Imperial College London/Project/Deployments/S39,IMG_0237.JPG,2022:04:22 11:58:54,2688,1512
C:/Users/Kong/OneDrive - Imperial College London/Project/Deployments/S39,IMG_0245.JPG,2022:04:22 11:59:10,2688,1512
C:/Users/Kong/OneDrive - Imperial College London/Project/Deployments/S39,IMG_1790.JPG,2022:04:28 03:55:49,2688,1512
C:/Users/Kong/OneDrive - Imperial College London/Project/Deployments/S39,IMG_1791.JPG,2022:04:28 03:55:50,2688,1512
C:/Users/Kong/OneDrive - Imperial College London/Project/Deployments/S39,IMG_2241.JPG,2022:04:30 04:04:02,2688,1512
C:/Users/Kong/OneDrive - Imperial College London/Project/Deployments/S39,IMG_2242.JPG,2022:04:30 04:04:03,2688,1512
C:/Users/Kong/OneDrive - Imperial College London/Project/Deployments/S40,IMG_0195.JPG,2022:04:22 12:08:53,2688,1512
C:/Users/Kong/OneDrive - Imperial College London/Project/Deployments/S40,IMG_0196.JPG,2022:04:22 12:08:55,2688,1512
C:/Users/Kong/OneDrive - Imperial College London/Project/Deployments/S40,IMG_0203.JPG,2022:04:22 12:09:00,2688,1512
C:/Users/Kong/OneDrive - Imperial College London/Project/Deployments/S40,IMG_0204.JPG,2022:04:22 12:09:02,2688,1512
C:/Users/Kong/OneDrive - Imperial College London/Project/Deployments/S40,IMG_0210.JPG,2022:04:22 12:09:10,2688,1512
C:/Users/Kong/OneDrive - Imperial College London/Project/Deployments/S40,IMG_0216.JPG,2022:04:22 12:09:14,2688,1512
C:/Users/Kong/OneDrive - Imperial College London/Project/Deployments/S40,IMG_0233.JPG,2022:04:22 12:09:26,2688,1512
C:/Users/Kong/OneDrive - Imperial College London/Project/Deployments/S40,IMG_0235.JPG,2022:04:22 12:09:27,2688,1512
C:/Users/Kong/OneDrive - Imperial College London/Project/Deployments/S40,IMG_0238.JPG,2022:04:22 12:09:30,2688,1512
C:/Users/Kong/OneDrive - Imperial College London/Project/Deployments/S40,IMG_0240.JPG,2022:04:22 12:09:32,2688,1512
C:/Users/Kong/OneDrive - Imperial College London/Project/Deployments/S40,IMG_1666.JPG,2022:04:30 04:34:25,2688,1512
C:/Users/Kong/OneDrive - Imperial College London/Project/Deployments/S40,IMG_1667.JPG,2022:04:30 04:34:25,2688,1512
C:/Users/Kong/OneDrive - Imperial College London/Project/Deployments/S40,IMG_1668.JPG,2022:04:30 04:34:26,2688,1512
C:/Users/Kong/OneDrive - Imperial College London/Project/Deployments/S40,IMG_1669.JPG,2022:04:30 04:34:27,2688,1512
C:/Users/Kong/OneDrive - Imperial College London/Project/Deployments/S41,IMG_0206.JPG,2022:04:22 12:14:04,2688,1512
C:/Users/Kong/OneDrive - Imperial College London/Project/Deployments/S41,IMG_8335.JPG,2022:05:08 23:10:31,2688,1512
C:/Users/Kong/OneDrive - Imperial College London/Project/Deployments/S41,IMG_8336.JPG,2022:05:08 23:10:32,2688,1512
C:/Users/Kong/OneDrive - Imperial College London/Project/Deployments/S41,IMG_8337.JPG,2022:05:08 23:10:35,2688,1512
C:/Users/Kong/OneDrive - Imperial College London/Project/Deployments/S41,IMG_8338.JPG,2022:05:08 23:10:36,2688,1512
C:/Users/Kong/OneDrive - Imperial College London/Project/Deployments/S41,IMG_8339.JPG,2022:05:08 23:10:37,2688,1512
C:/Users/Kong/OneDrive - Imperial College London/Project/Deployments/S41,IMG_8340.JPG,2022:05:08 23:10:38,2688,1512
C:/Users/Kong/OneDrive - Imperial College London/Project/Deployments/S41,IMG_8341.JPG,2022:05:08 23:10:48,2688,1512
C:/Users/Kong/OneDrive - Imperial College London/Project/Deployments/S42,IMG_0181.JPG,2022:04:22 12:50:44,2688,1512
C:/Users/Kong/OneDrive - Imperial College London/Project/Deployments/S42,IMG_0183.JPG,2022:04:22 12:50:46,2688,1512
C:/Users/Kong/OneDrive - Imperial College London/Project/Deployments/S42,IMG_0188.JPG,2022:04:22 12:50:50,2688,1512
C:/Users/Kong/OneDrive - Imperial College London/Project/Deployments/S42,IMG_0192.JPG,2022:04:22 12:50:53,2688,1512
C:/Users/Kong/OneDrive - Imperial College London/Project/Deployments/S42,IMG_0195.JPG,2022:04:22 12:50:56,2688,1512
C:/Users/Kong/OneDrive - Imperial College London/Project/Deployments/S42,IMG_0201.JPG,2022:04:22 12:51:01,2688,1512
C:/Users/Kong/OneDrive - Imperial College London/Project/Deployments/S42,IMG_0209.JPG,2022:04:22 12:51:09,2688,1512
C:/Users/Kong/OneDrive - Imperial College London/Project/Deployments/S42,IMG_0210.JPG,2022:04:22 12:51:15,2688,1512
C:/Users/Kong/OneDrive - Imperial College London/Project/Deployments/S42,IMG_0211.JPG,2022:04:22 12:51:16,2688,1512
C:/Users/Kong/OneDrive - Imperial College London/Project/Deployments/S42,IMG_0214.JPG,2022:04:22 12:51:18,2688,1512
C:/Users/Kong/OneDrive - Imperial College London/Project/Deployments/S42,IMG_1470.JPG,2022:04:29 01:25:18,2688,1512
C:/Users/Kong/OneDrive - Imperial College London/Project/Deployments/S42,IMG_1471.JPG,2022:04:29 01:25:26,2688,1512
C:/Users/Kong/OneDrive - Imperial College London/Project/Deployments/S42,IMG_1472.JPG,2022:04:29 01:25:27,2688,1512
C:/Users/Kong/OneDrive - Imperial College London/Project/Deployments/S42,IMG_1473.JPG,2022:04:29 01:25:28,2688,1512
C:/Users/Kong/OneDrive - Imperial College London/Project/Deployments/S42,IMG_1474.JPG,2022:04:29 01:25:29,2688,1512
C:/Users/Kong/OneDrive - Imperial College London/Project/Deployments/S42,IMG_1476.JPG,2022:04:29 01:25:31,2688,1512
C:/Users/Kong/OneDrive - Imperial College London/Project/Deployments/S42,IMG_1477.JPG,2022:04:29 01:25:33,2688,1512
C:/Users/Kong/OneDrive - Imperial College London/Project/Deployments/S42,IMG_1478.JPG,2022:04:29 01:25:34,2688,1512
C:/Users/Kong/OneDrive - Imperial College London/Project/Deployments/S42,IMG_1480.JPG,2022:04:29 01:25:39,2688,1512
C:/Users/Kong/OneDrive - Imperial College London/Project/Deployments/S42,IMG_1481.JPG,2022:04:29 01:25:40,2688,1512
C:/Users/Kong/OneDrive - Imperial College London/Project/Deployments/S42,IMG_1482.JPG,2022:04:29 01:25:42,2688,1512
C:/Users/Kong/OneDrive - Imperial College London/Project/Deployments/S42,IMG_1483.JPG,2022:04:29 01:25:43,2688,1512
C:/Users/Kong/OneDrive - Imperial College London/Project/Deployments/S42,IMG_1484.JPG,2022:04:29 01:25:44,2688,1512
C:/Users/Kong/OneDrive - Imperial College London/Project/Deployments/S42,IMG_1486.JPG,2022:04:29 01:39:14,2688,1512
C:/Users/Kong/OneDrive - Imperial College London/Project/Deployments/S42,IMG_1488.JPG,2022:04:29 01:39:15,2688,1512
C:/Users/Kong/OneDrive - Imperial College London/Project/Deployments/S42,IMG_2459.JPG,2022:05:01 21:46:08,2688,1512
C:/Users/Kong/OneDrive - Imperial College London/Project/Deployments/S42,IMG_2462.JPG,2022:05:01 21:46:10,2688,1512
C:/Users/Kong/OneDrive - Imperial College London/Project/Deployments/S42,IMG_2463.JPG,2022:05:01 21:46:11,2688,1512
C:/Users/Kong/OneDrive - Imperial College London/Project/Deployments/S42,IMG_2464.JPG,2022:05:01 21:46:12,2688,1512
C:/Users/Kong/OneDrive - Imperial College London/Project/Deployments/S42,IMG_3136.JPG,2022:05:11 02:04:37,2688,1512
C:/Users/Kong/OneDrive - Imperial College London/Project/Deployments/S42,IMG_3141.JPG,2022:05:11 02:04:41,2688,1512
